Entidad,Municipio, API_CODE
Aguascalientes ,Aguascalientes ,SE41187
Aguascalientes ,Asientos ,SE41188
Aguascalientes ,Calvillo ,SE41189
Aguascalientes ,Cosío ,SE41190
Aguascalientes ,El Llano ,SE41191
Aguascalientes ,Jesús María ,SE41192
Aguascalientes ,Pabellón de Arteaga ,SE41193
Aguascalientes ,Rincón de Romos ,SE41194
Aguascalientes ,San Francisco de los Romo ,SE41195
Aguascalientes ,San José de Gracia ,SE41196
Aguascalientes ,Tepezalá ,SE41197
Aguascalientes ,No identificado -Aguascalientes ,SE41198
Baja California ,Ensenada ,SE41199
Baja California ,Mexicali ,SE41200
Baja California ,Playas de Rosarito ,SE41201
Baja California ,Tecate ,SE41202
Baja California ,Tijuana ,SE41203
Baja California ,No identificado -Baja California ,SE41204
Baja California Sur ,Comondú ,SE41205
Baja California Sur ,La Paz ,SE41206
Baja California Sur ,Loreto ,SE41207
Baja California Sur ,Los Cabos ,SE41208
Baja California Sur ,Mulegé ,SE41209
Baja California Sur ,No identificado -Baja California Sur ,SE41210
Campeche ,Calakmul ,SE41211
Campeche ,Calkiní ,SE41212
Campeche ,Campeche ,SE41213
Campeche ,Candelaria ,SE41214
Campeche ,Carmen ,SE41215
Campeche ,Champotón ,SE41216
Campeche ,Escárcega ,SE41217
Campeche ,Hecelchakán ,SE41218
Campeche ,Hopelchén ,SE41219
Campeche ,Palizada ,SE41220
Campeche ,Tenabo ,SE41221
Campeche ,No identificado -Campeche ,SE41222
Coahuila ,Abasolo ,SE41223
Coahuila ,Acuña ,SE41224
Coahuila ,Allende ,SE41225
Coahuila ,Arteaga ,SE41226
Coahuila ,Candela ,SE41227
Coahuila ,Castaños ,SE41228
Coahuila ,Cuatro Ciénegas ,SE41229
Coahuila ,Escobedo ,SE41230
Coahuila ,Francisco I. Madero ,SE41231
Coahuila ,Frontera ,SE41232
Coahuila ,General Cepeda ,SE41233
Coahuila ,Guerrero ,SE41234
Coahuila ,Hidalgo ,SE41235
Coahuila ,Jiménez ,SE41236
Coahuila ,Juárez ,SE41237
Coahuila ,Lamadrid ,SE41238
Coahuila ,Matamoros ,SE41239
Coahuila ,Monclova ,SE41240
Coahuila ,Morelos ,SE41241
Coahuila ,Múzquiz ,SE41242
Coahuila ,Nadadores ,SE41243
Coahuila ,Nava ,SE41244
Coahuila ,Ocampo ,SE41245
Coahuila ,Parras ,SE41246
Coahuila ,Piedras Negras ,SE41247
Coahuila ,Progreso ,SE41248
Coahuila ,Ramos Arizpe ,SE41249
Coahuila ,Sabinas ,SE41250
Coahuila ,Sacramento ,SE41251
Coahuila ,Saltillo ,SE41252
Coahuila ,San Buenaventura ,SE41253
Coahuila ,San Juan de Sabinas ,SE41254
Coahuila ,San Pedro ,SE41255
Coahuila ,Sierra Mojada ,SE41256
Coahuila ,Torreón ,SE41257
Coahuila ,Viesca ,SE41258
Coahuila ,Villa Unión ,SE41259
Coahuila ,Zaragoza ,SE41260
Coahuila ,No identificado -Coahuila ,SE41261
Colima ,Armería ,SE41262
Colima ,Colima ,SE41263
Colima ,Comala ,SE41264
Colima ,Coquimatlán ,SE41265
Colima ,Cuauhtémoc ,SE41266
Colima ,Ixtlahuacán ,SE41267
Colima ,Manzanillo ,SE41268
Colima ,Minatitlán ,SE41269
Colima ,Tecomán ,SE41270
Colima ,Villa de Álvarez ,SE41271
Colima ,No identificado -Colima ,SE41272
Chiapas ,Acacoyagua ,SE41273
Chiapas ,Acala ,SE41274
Chiapas ,Acapetahua ,SE41275
Chiapas ,Aldama ,SE41276
Chiapas ,Altamirano ,SE41277
Chiapas ,Amatán ,SE41278
Chiapas ,Amatenango de la Frontera ,SE41279
Chiapas ,Amatenango del Valle ,SE41280
Chiapas ,Angel Albino Corzo ,SE41281
Chiapas ,Arriaga ,SE41282
Chiapas ,Bejucal de Ocampo ,SE41283
Chiapas ,Bella Vista ,SE41284
Chiapas ,Benemérito de las Américas ,SE41285
Chiapas ,Berriozábal ,SE41286
Chiapas ,Bochil ,SE41287
Chiapas ,Cacahoatán ,SE41288
Chiapas ,Catazajá ,SE41289
Chiapas ,Chalchihuitán ,SE41290
Chiapas ,Chamula ,SE41291
Chiapas ,Chanal ,SE41292
Chiapas ,Chapultenango ,SE41293
Chiapas ,Chenalhó ,SE41294
Chiapas ,Chiapa de Corzo ,SE41295
Chiapas ,Chiapilla ,SE41296
Chiapas ,Chicoasén ,SE41297
Chiapas ,Chicomuselo ,SE41298
Chiapas ,Chilón ,SE41299
Chiapas ,Cintalapa ,SE41300
Chiapas ,Coapilla ,SE41301
Chiapas ,Comitán de Domínguez ,SE41302
Chiapas ,Copainalá ,SE41303
Chiapas ,El Bosque ,SE41304
Chiapas ,El Porvenir ,SE41305
Chiapas ,Escuintla ,SE41306
Chiapas ,Francisco León ,SE41307
Chiapas ,Frontera Comalapa ,SE41308
Chiapas ,Frontera Hidalgo ,SE41309
Chiapas ,Huehuetán ,SE41310
Chiapas ,Huitiupán ,SE41311
Chiapas ,Huixtán ,SE41312
Chiapas ,Huixtla ,SE41313
Chiapas ,Ixhuatán ,SE41314
Chiapas ,Ixtacomitán ,SE41315
Chiapas ,Ixtapa ,SE41316
Chiapas ,Ixtapangajoya ,SE41317
Chiapas ,Jiquipilas ,SE41318
Chiapas ,Jitotol ,SE41319
Chiapas ,Juárez ,SE41320
Chiapas ,La Concordia ,SE41321
Chiapas ,La Grandeza ,SE41322
Chiapas ,La Independencia ,SE41323
Chiapas ,La Libertad ,SE41324
Chiapas ,La Trinitaria ,SE41325
Chiapas ,Larráinzar ,SE41326
Chiapas ,Las Margaritas ,SE41327
Chiapas ,Las Rosas ,SE41328
Chiapas ,Mapastepec ,SE41329
Chiapas ,Maravilla Tenejapa ,SE41330
Chiapas ,Marqués de Comillas ,SE41331
Chiapas ,Mazapa de Madero ,SE41332
Chiapas ,Mazatán ,SE41333
Chiapas ,Metapa ,SE41334
Chiapas ,Mitontic ,SE41335
Chiapas ,Montecristo de Guerrero ,SE41336
Chiapas ,Motozintla ,SE41337
Chiapas ,Nicolás Ruiz ,SE41338
Chiapas ,Ocosingo ,SE41339
Chiapas ,Ocotepec ,SE41340
Chiapas ,Ocozocoautla de Espinosa ,SE41341
Chiapas ,Ostuacán ,SE41342
Chiapas ,Osumacinta ,SE41343
Chiapas ,Oxchuc ,SE41344
Chiapas ,Palenque ,SE41345
Chiapas ,Pantelhó ,SE41346
Chiapas ,Pantepec ,SE41347
Chiapas ,Pichucalco ,SE41348
Chiapas ,Pijijiapan ,SE41349
Chiapas ,Pueblo Nuevo Solistahuacán ,SE41350
Chiapas ,Rayón ,SE41351
Chiapas ,Reforma ,SE41352
Chiapas ,Sabanilla ,SE41353
Chiapas ,Salto de Agua ,SE41354
Chiapas ,San Andrés Duraznal ,SE41355
Chiapas ,San Cristóbal de las Casas ,SE41356
Chiapas ,San Fernando ,SE41357
Chiapas ,San Juan Cancuc ,SE41358
Chiapas ,San Lucas ,SE41359
Chiapas ,Santiago el Pinar ,SE41360
Chiapas ,Siltepec ,SE41361
Chiapas ,Simojovel ,SE41362
Chiapas ,Sitalá ,SE41363
Chiapas ,Socoltenango ,SE41364
Chiapas ,Solosuchiapa ,SE41365
Chiapas ,Soyaló ,SE41366
Chiapas ,Suchiapa ,SE41367
Chiapas ,Suchiate ,SE41368
Chiapas ,Sunuapa ,SE41369
Chiapas ,Tapachula ,SE41370
Chiapas ,Tapalapa ,SE41371
Chiapas ,Tapilula ,SE41372
Chiapas ,Tecpatán ,SE41373
Chiapas ,Tenejapa ,SE41374
Chiapas ,Teopisca ,SE41375
Chiapas ,Tila ,SE41376
Chiapas ,Tonalá ,SE41377
Chiapas ,Totolapa ,SE41378
Chiapas ,Tumbalá ,SE41379
Chiapas ,Tuxtla Chico ,SE41380
Chiapas ,Tuxtla Gutiérrez ,SE41381
Chiapas ,Tuzantán ,SE41382
Chiapas ,Tzimol ,SE41383
Chiapas ,Unión Juárez ,SE41384
Chiapas ,Venustiano Carranza ,SE41385
Chiapas ,Villa Comaltitlán ,SE41386
Chiapas ,Villa Corzo ,SE41387
Chiapas ,Villaflores ,SE41388
Chiapas ,Yajalón ,SE41389
Chiapas ,Zinacantán ,SE41390
Chiapas ,No identificado -Chiapas ,SE41391
Chihuahua ,Ahumada ,SE41392
Chihuahua ,Aldama ,SE41393
Chihuahua ,Allende ,SE41394
Chihuahua ,Aquiles Serdán ,SE41395
Chihuahua ,Ascensión ,SE41396
Chihuahua ,Bachíniva ,SE41397
Chihuahua ,Balleza ,SE41398
Chihuahua ,Batopilas ,SE41399
Chihuahua ,Bocoyna ,SE41400
Chihuahua ,Buenaventura ,SE41401
Chihuahua ,Camargo ,SE41402
Chihuahua ,Carichí ,SE41403
Chihuahua ,Casas Grandes ,SE41404
Chihuahua ,Chihuahua ,SE41405
Chihuahua ,Chínipas ,SE41406
Chihuahua ,Coronado ,SE41407
Chihuahua ,Coyame del Sotol ,SE41408
Chihuahua ,Cuauhtémoc ,SE41409
Chihuahua ,Cusihuiriachi ,SE41410
Chihuahua ,Delicias ,SE41411
Chihuahua ,Dr. Belisario Domínguez ,SE41412
Chihuahua ,El Tule ,SE41413
Chihuahua ,Galeana ,SE41414
Chihuahua ,Gómez Farías ,SE41415
Chihuahua ,Gran Morelos ,SE41416
Chihuahua ,Guachochi ,SE41417
Chihuahua ,Guadalupe ,SE41418
Chihuahua ,Guadalupe y Calvo ,SE41419
Chihuahua ,Guazapares ,SE41420
Chihuahua ,Guerrero ,SE41421
Chihuahua ,Hidalgo del Parral ,SE41422
Chihuahua ,Huejotitán ,SE41423
Chihuahua ,Ignacio Zaragoza ,SE41424
Chihuahua ,Janos ,SE41425
Chihuahua ,Jiménez ,SE41426
Chihuahua ,Juárez ,SE41427
Chihuahua ,Julimes ,SE41428
Chihuahua ,La Cruz ,SE41429
Chihuahua ,López ,SE41430
Chihuahua ,Madera ,SE41431
Chihuahua ,Maguarichi ,SE41432
Chihuahua ,Manuel Benavides ,SE41433
Chihuahua ,Matachí ,SE41434
Chihuahua ,Matamoros ,SE41435
Chihuahua ,Meoqui ,SE41436
Chihuahua ,Morelos ,SE41437
Chihuahua ,Moris ,SE41438
Chihuahua ,Namiquipa ,SE41439
Chihuahua ,Nonoava ,SE41440
Chihuahua ,Nuevo Casas Grandes ,SE41441
Chihuahua ,Ocampo ,SE41442
Chihuahua ,Ojinaga ,SE41443
Chihuahua ,Praxedis G. Guerrero ,SE41444
Chihuahua ,Riva Palacio ,SE41445
Chihuahua ,Rosales ,SE41446
Chihuahua ,Rosario ,SE41447
Chihuahua ,San Francisco de Borja ,SE41448
Chihuahua ,San Francisco de Conchos ,SE41449
Chihuahua ,San Francisco del Oro ,SE41450
Chihuahua ,Santa Bárbara ,SE41451
Chihuahua ,Santa Isabel ,SE41452
Chihuahua ,Satevó ,SE41453
Chihuahua ,Saucillo ,SE41454
Chihuahua ,Temósachic ,SE41455
Chihuahua ,Urique ,SE41456
Chihuahua ,Uruachi ,SE41457
Chihuahua ,Valle de Zaragoza ,SE41458
Chihuahua ,No identificado -Chihuahua ,SE41459
Ciudad de México ,Álvaro Obregón ,SE41460
Ciudad de México ,Azcapotzalco ,SE41461
Ciudad de México ,Benito Juárez ,SE41462
Ciudad de México ,Coyoacán ,SE41463
Ciudad de México ,Cuajimalpa de Morelos ,SE41464
Ciudad de México ,Cuauhtémoc ,SE41465
Ciudad de México ,Gustavo A. Madero ,SE41466
Ciudad de México ,Iztacalco ,SE41467
Ciudad de México ,Iztapalapa ,SE41468
Ciudad de México ,La Magdalena Contreras ,SE41469
Ciudad de México ,Miguel Hidalgo ,SE41470
Ciudad de México ,Milpa Alta ,SE41471
Ciudad de México ,Tláhuac ,SE41472
Ciudad de México ,Tlalpan ,SE41473
Ciudad de México ,Venustiano Carranza ,SE41474
Ciudad de México ,Xochimilco ,SE41475
Ciudad de México ,No identificado -Ciudad de México ,SE41476
Durango ,Canatlán ,SE41477
Durango ,Canelas ,SE41478
Durango ,Coneto de Comonfort ,SE41479
Durango ,Cuencamé ,SE41480
Durango ,Durango ,SE41481
Durango ,El Oro ,SE41482
Durango ,General Simón Bolívar ,SE41483
Durango ,Gómez Palacio ,SE41484
Durango ,Guadalupe Victoria ,SE41485
Durango ,Guanaceví ,SE41486
Durango ,Hidalgo ,SE41487
Durango ,Indé ,SE41488
Durango ,Lerdo ,SE41489
Durango ,Mapimí ,SE41490
Durango ,Mezquital ,SE41491
Durango ,Nazas ,SE41492
Durango ,Nombre de Dios ,SE41493
Durango ,Nuevo Ideal ,SE41494
Durango ,Ocampo ,SE41495
Durango ,Otáez ,SE41496
Durango ,Pánuco de Coronado ,SE41497
Durango ,Peñón Blanco ,SE41498
Durango ,Poanas ,SE41499
Durango ,Pueblo Nuevo ,SE41500
Durango ,Rodeo ,SE41501
Durango ,San Bernardo ,SE41502
Durango ,San Dimas ,SE41503
Durango ,San Juan de Guadalupe ,SE41504
Durango ,San Juan del Río ,SE41505
Durango ,San Luis del Cordero ,SE41506
Durango ,San Pedro del Gallo ,SE41507
Durango ,Santa Clara ,SE41508
Durango ,Santiago Papasquiaro ,SE41509
Durango ,Súchil ,SE41510
Durango ,Tamazula ,SE41511
Durango ,Tepehuanes ,SE41512
Durango ,Tlahualilo ,SE41513
Durango ,Topia ,SE41514
Durango ,Vicente Guerrero ,SE41515
Durango ,No identificado -Durango ,SE41516
México ,Acambay ,SE41517
México ,Acolman ,SE41518
México ,Aculco ,SE41519
México ,Almoloya de Alquisiras ,SE41520
México ,Almoloya de Juárez ,SE41521
México ,Almoloya del Río ,SE41522
México ,Amanalco ,SE41523
México ,Amatepec ,SE41524
México ,Amecameca ,SE41525
México ,Apaxco ,SE41526
México ,Atenco ,SE41527
México ,Atizapán ,SE41528
México ,Atizapán de Zaragoza ,SE41529
México ,Atlacomulco ,SE41530
México ,Atlautla ,SE41531
México ,Axapusco ,SE41532
México ,Ayapango ,SE41533
México ,Calimaya ,SE41534
México ,Capulhuac ,SE41535
México ,Chalco ,SE41536
México ,Chapa de Mota ,SE41537
México ,Chapultepec ,SE41538
México ,Chiautla ,SE41539
México ,Chicoloapan ,SE41540
México ,Chiconcuac ,SE41541
México ,Chimalhuacán ,SE41542
México ,Coacalco de Berriozábal ,SE41543
México ,Coatepec Harinas ,SE41544
México ,Cocotitlán ,SE41545
México ,Coyotepec ,SE41546
México ,Cuautitlán ,SE41547
México ,Cuautitlán Izcalli ,SE41548
México ,Donato Guerra ,SE41549
México ,Ecatepec de Morelos ,SE41550
México ,Ecatzingo ,SE41551
México ,El Oro ,SE41552
México ,Huehuetoca ,SE41553
México ,Hueypoxtla ,SE41554
México ,Huixquilucan ,SE41555
México ,Isidro Fabela ,SE41556
México ,Ixtapaluca ,SE41557
México ,Ixtapan de la Sal ,SE41558
México ,Ixtapan del Oro ,SE41559
México ,Ixtlahuaca ,SE41560
México ,Jaltenco ,SE41561
México ,Jilotepec ,SE41562
México ,Jilotzingo ,SE41563
México ,Jiquipilco ,SE41564
México ,Jocotitlán ,SE41565
México ,Joquicingo ,SE41566
México ,Juchitepec ,SE41567
México ,La Paz ,SE41568
México ,Lerma ,SE41569
México ,Luvianos ,SE41570
México ,Malinalco ,SE41571
México ,Melchor Ocampo ,SE41572
México ,Metepec ,SE41573
México ,Mexicaltzingo ,SE41574
México ,Morelos ,SE41575
México ,Naucalpan de Juárez ,SE41576
México ,Nextlalpan ,SE41577
México ,Nezahualcóyotl ,SE41578
México ,Nicolás Romero ,SE41579
México ,Nopaltepec ,SE41580
México ,Ocoyoacac ,SE41581
México ,Ocuilan ,SE41582
México ,Otumba ,SE41583
México ,Otzoloapan ,SE41584
México ,Otzolotepec ,SE41585
México ,Ozumba ,SE41586
México ,Papalotla ,SE41587
México ,Polotitlán ,SE41588
México ,Rayón ,SE41589
México ,San Antonio la Isla ,SE41590
México ,San Felipe del Progreso ,SE41591
México ,San José del Rincón ,SE41592
México ,San Martín de las Pirámides ,SE41593
México ,San Mateo Atenco ,SE41594
México ,San Simón de Guerrero ,SE41595
México ,Santo Tomás ,SE41596
México ,Soyaniquilpan de Juárez ,SE41597
México ,Sultepec ,SE41598
México ,Tecámac ,SE41599
México ,Tejupilco ,SE41600
México ,Temamatla ,SE41601
México ,Temascalapa ,SE41602
México ,Temascalcingo ,SE41603
México ,Temascaltepec ,SE41604
México ,Temoaya ,SE41605
México ,Tenancingo ,SE41606
México ,Tenango del Aire ,SE41607
México ,Tenango del Valle ,SE41608
México ,Teoloyucán ,SE41609
México ,Teotihuacán ,SE41610
México ,Tepetlaoxtoc ,SE41611
México ,Tepetlixpa ,SE41612
México ,Tepotzotlán ,SE41613
México ,Tequixquiac ,SE41614
México ,Texcaltitlán ,SE41615
México ,Texcalyacac ,SE41616
México ,Texcoco ,SE41617
México ,Tezoyuca ,SE41618
México ,Tianguistenco ,SE41619
México ,Timilpan ,SE41620
México ,Tlalmanalco ,SE41621
México ,Tlalnepantla de Baz ,SE41622
México ,Tlatlaya ,SE41623
México ,Toluca ,SE41624
México ,Tonanitla ,SE41625
México ,Tonatico ,SE41626
México ,Tultepec ,SE41627
México ,Tultitlán ,SE41628
México ,Valle de Bravo ,SE41629
México ,Valle de Chalco Solidaridad ,SE41630
México ,Villa de Allende ,SE41631
México ,Villa del Carbón ,SE41632
México ,Villa Guerrero ,SE41633
México ,Villa Victoria ,SE41634
México ,Xalatlaco ,SE41635
México ,Xonacatlán ,SE41636
México ,Zacazonapan ,SE41637
México ,Zacualpan ,SE41638
México ,Zinacantepec ,SE41639
México ,Zumpahuacán ,SE41640
México ,Zumpango ,SE41641
México ,No identificado -México ,SE41642
Guanajuato ,Abasolo ,SE41643
Guanajuato ,Acámbaro ,SE41644
Guanajuato ,Apaseo el Alto ,SE41645
Guanajuato ,Apaseo el Grande ,SE41646
Guanajuato ,Atarjea ,SE41647
Guanajuato ,Celaya ,SE41648
Guanajuato ,Comonfort ,SE41649
Guanajuato ,Coroneo ,SE41650
Guanajuato ,Cortazar ,SE41651
Guanajuato ,Cuerámaro ,SE41652
Guanajuato ,Doctor Mora ,SE41653
Guanajuato ,Dolores Hidalgo Cuna de la Independencia Nal. ,SE41654
Guanajuato ,Guanajuato ,SE41655
Guanajuato ,Huanímaro ,SE41656
Guanajuato ,Irapuato ,SE41657
Guanajuato ,Jaral del Progreso ,SE41658
Guanajuato ,Jerécuaro ,SE41659
Guanajuato ,León ,SE41660
Guanajuato ,Manuel Doblado ,SE41661
Guanajuato ,Moroleón ,SE41662
Guanajuato ,Ocampo ,SE41663
Guanajuato ,Pénjamo ,SE41664
Guanajuato ,Pueblo Nuevo ,SE41665
Guanajuato ,Purísima del Rincón ,SE41666
Guanajuato ,Romita ,SE41667
Guanajuato ,Salamanca ,SE41668
Guanajuato ,Salvatierra ,SE41669
Guanajuato ,San Diego de la Unión ,SE41670
Guanajuato ,San Felipe ,SE41671
Guanajuato ,San Francisco del Rincón ,SE41672
Guanajuato ,San José Iturbide ,SE41673
Guanajuato ,San Luis de la Paz ,SE41674
Guanajuato ,San Miguel de Allende ,SE41675
Guanajuato ,Santa Catarina ,SE41676
Guanajuato ,Santa Cruz de Juventino Rosas ,SE41677
Guanajuato ,Santiago Maravatío ,SE41678
Guanajuato ,Silao ,SE41679
Guanajuato ,Tarandacuao ,SE41680
Guanajuato ,Tarimoro ,SE41681
Guanajuato ,Tierra Blanca ,SE41682
Guanajuato ,Uriangato ,SE41683
Guanajuato ,Valle de Santiago ,SE41684
Guanajuato ,Victoria ,SE41685
Guanajuato ,Villagrán ,SE41686
Guanajuato ,Xichú ,SE41687
Guanajuato ,Yuriria ,SE41688
Guanajuato ,No identificado -Guanajuato ,SE41689
Guerrero ,Acapulco de Juárez ,SE41690
Guerrero ,Acatepec ,SE41691
Guerrero ,Ahuacuotzingo ,SE41692
Guerrero ,Ajuchitlán del Progreso ,SE41693
Guerrero ,Alcozauca de Guerrero ,SE41694
Guerrero ,Alpoyeca ,SE41695
Guerrero ,Apaxtla ,SE41696
Guerrero ,Arcelia ,SE41697
Guerrero ,Atenango del Río ,SE41698
Guerrero ,Atlamajalcingo del Monte ,SE41699
Guerrero ,Atlixtac ,SE41700
Guerrero ,Atoyac de Álvarez ,SE41701
Guerrero ,Ayutla de los Libres ,SE41702
Guerrero ,Azoyú ,SE41703
Guerrero ,Benito Juárez ,SE41704
Guerrero ,Buenavista de Cuéllar ,SE41705
Guerrero ,Chilapa de Álvarez ,SE41706
Guerrero ,Chilpancingo de los Bravo ,SE41707
Guerrero ,Coahuayutla de José María Izazaga ,SE41708
Guerrero ,Cochoapa el Grande ,SE41709
Guerrero ,Cocula ,SE41710
Guerrero ,Copala ,SE41711
Guerrero ,Copalillo ,SE41712
Guerrero ,Copanatoyac ,SE41713
Guerrero ,Coyuca de Benítez ,SE41714
Guerrero ,Coyuca de Catalán ,SE41715
Guerrero ,Cuajinicuilapa ,SE41716
Guerrero ,Cualác ,SE41717
Guerrero ,Cuautepec ,SE41718
Guerrero ,Cuetzala del Progreso ,SE41719
Guerrero ,Cutzamala de Pinzón ,SE41720
Guerrero ,Eduardo Neri ,SE41721
Guerrero ,Florencio Villarreal ,SE41722
Guerrero ,General Canuto A. Neri ,SE41723
Guerrero ,General Heliodoro Castillo ,SE41724
Guerrero ,Huamuxtitlán ,SE41725
Guerrero ,Huitzuco de los Figueroa ,SE41726
Guerrero ,Iguala de la Independencia ,SE41727
Guerrero ,Igualapa ,SE41728
Guerrero ,Iliatenco ,SE41729
Guerrero ,Ixcateopan de Cuauhtémoc ,SE41730
Guerrero ,Zihuatanejo de Azueta ,SE41731
Guerrero ,José Joaquín de Herrera ,SE41732
Guerrero ,Juan R. Escudero ,SE41733
Guerrero ,Juchitán ,SE41734
Guerrero ,La Unión de Isidoro Montes de Oca ,SE41735
Guerrero ,Leonardo Bravo ,SE41736
Guerrero ,Malinaltepec ,SE41737
Guerrero ,Marquelia ,SE41738
Guerrero ,Mártir de Cuilapan ,SE41739
Guerrero ,Metlatónoc ,SE41740
Guerrero ,Mochitlán ,SE41741
Guerrero ,Olinalá ,SE41742
Guerrero ,Ometepec ,SE41743
Guerrero ,Pedro Ascencio Alquisiras ,SE41744
Guerrero ,Petatlán ,SE41745
Guerrero ,Pilcaya ,SE41746
Guerrero ,Pungarabato ,SE41747
Guerrero ,Quechultenango ,SE41748
Guerrero ,San Luis Acatlán ,SE41749
Guerrero ,San Marcos ,SE41750
Guerrero ,San Miguel Totolapan ,SE41751
Guerrero ,Taxco de Alarcón ,SE41752
Guerrero ,Tecoanapa ,SE41753
Guerrero ,Técpan de Galeana ,SE41754
Guerrero ,Teloloapan ,SE41755
Guerrero ,Tepecoacuilco de Trujano ,SE41756
Guerrero ,Tetipac ,SE41757
Guerrero ,Tixtla de Guerrero ,SE41758
Guerrero ,Tlacoachistlahuaca ,SE41759
Guerrero ,Tlacoapa ,SE41760
Guerrero ,Tlalchapa ,SE41761
Guerrero ,Tlalixtaquilla de Maldonado ,SE41762
Guerrero ,Tlapa de Comonfort ,SE41763
Guerrero ,Tlapehuala ,SE41764
Guerrero ,Xalpatláhuac ,SE41765
Guerrero ,Xochihuehuetlán ,SE41766
Guerrero ,Xochistlahuaca ,SE41767
Guerrero ,Zapotitlán Tablas ,SE41768
Guerrero ,Zirándaro ,SE41769
Guerrero ,Zitlala ,SE41770
Guerrero ,No identificado -Guerrero ,SE41771
Hidalgo ,Acatlán ,SE41772
Hidalgo ,Acaxochitlán ,SE41773
Hidalgo ,Actopan ,SE41774
Hidalgo ,Agua Blanca de Iturbide ,SE41775
Hidalgo ,Ajacuba ,SE41776
Hidalgo ,Alfajayucan ,SE41777
Hidalgo ,Almoloya ,SE41778
Hidalgo ,Apan ,SE41779
Hidalgo ,Atitalaquia ,SE41780
Hidalgo ,Atlapexco ,SE41781
Hidalgo ,Atotonilco de Tula ,SE41782
Hidalgo ,Atotonilco el Grande ,SE41783
Hidalgo ,Calnali ,SE41784
Hidalgo ,Cardonal ,SE41785
Hidalgo ,Chapantongo ,SE41786
Hidalgo ,Chapulhuacán ,SE41787
Hidalgo ,Chilcuautla ,SE41788
Hidalgo ,Cuautepec de Hinojosa ,SE41789
Hidalgo ,El Arenal ,SE41790
Hidalgo ,Eloxochitlán ,SE41791
Hidalgo ,Emiliano Zapata ,SE41792
Hidalgo ,Epazoyucan ,SE41793
Hidalgo ,Francisco I. Madero ,SE41794
Hidalgo ,Huasca de Ocampo ,SE41795
Hidalgo ,Huautla ,SE41796
Hidalgo ,Huazalingo ,SE41797
Hidalgo ,Huehuetla ,SE41798
Hidalgo ,Huejutla de Reyes ,SE41799
Hidalgo ,Huichapan ,SE41800
Hidalgo ,Ixmiquilpan ,SE41801
Hidalgo ,Jacala de Ledezma ,SE41802
Hidalgo ,Jaltocán ,SE41803
Hidalgo ,Juárez Hidalgo ,SE41804
Hidalgo ,La Misión ,SE41805
Hidalgo ,Lolotla ,SE41806
Hidalgo ,Metepec ,SE41807
Hidalgo ,Metztitlán ,SE41808
Hidalgo ,Mineral de la Reforma ,SE41809
Hidalgo ,Mineral del Chico ,SE41810
Hidalgo ,Mineral del Monte ,SE41811
Hidalgo ,Mixquiahuala de Juárez ,SE41812
Hidalgo ,Molango de Escamilla ,SE41813
Hidalgo ,Nicolás Flores ,SE41814
Hidalgo ,Nopala de Villagrán ,SE41815
Hidalgo ,Omitlán de Juárez ,SE41816
Hidalgo ,Pachuca de Soto ,SE41817
Hidalgo ,Pacula ,SE41818
Hidalgo ,Pisaflores ,SE41819
Hidalgo ,Progreso de Obregón ,SE41820
Hidalgo ,San Agustín Metzquititlán ,SE41821
Hidalgo ,San Agustín Tlaxiaca ,SE41822
Hidalgo ,San Bartolo Tutotepec ,SE41823
Hidalgo ,San Felipe Orizatlán ,SE41824
Hidalgo ,San Salvador ,SE41825
Hidalgo ,Santiago de Anaya ,SE41826
Hidalgo ,Santiago Tulantepec de Lugo Guerrero ,SE41827
Hidalgo ,Singuilucan ,SE41828
Hidalgo ,Tasquillo ,SE41829
Hidalgo ,Tecozautla ,SE41830
Hidalgo ,Tenango de Doria ,SE41831
Hidalgo ,Tepeapulco ,SE41832
Hidalgo ,Tepehuacán de Guerrero ,SE41833
Hidalgo ,Tepeji del Río de Ocampo ,SE41834
Hidalgo ,Tepetitlán ,SE41835
Hidalgo ,Tetepango ,SE41836
Hidalgo ,Tezontepec de Aldama ,SE41837
Hidalgo ,Tianguistengo ,SE41838
Hidalgo ,Tizayuca ,SE41839
Hidalgo ,Tlahuelilpan ,SE41840
Hidalgo ,Tlahuiltepa ,SE41841
Hidalgo ,Tlanalapa ,SE41842
Hidalgo ,Tlanchinol ,SE41843
Hidalgo ,Tlaxcoapan ,SE41844
Hidalgo ,Tolcayuca ,SE41845
Hidalgo ,Tula de Allende ,SE41846
Hidalgo ,Tulancingo de Bravo ,SE41847
Hidalgo ,Villa de Tezontepec ,SE41848
Hidalgo ,Xochiatipan ,SE41849
Hidalgo ,Xochicoatlán ,SE41850
Hidalgo ,Yahualica ,SE41851
Hidalgo ,Zacualtipán de Ángeles ,SE41852
Hidalgo ,Zapotlán de Juárez ,SE41853
Hidalgo ,Zempoala ,SE41854
Hidalgo ,Zimapán ,SE41855
Hidalgo ,No identificado -Hidalgo ,SE41856
Jalisco ,Acatic ,SE41857
Jalisco ,Acatlán de Juárez ,SE41858
Jalisco ,Ahualulco de Mercado ,SE41859
Jalisco ,Amacueca ,SE41860
Jalisco ,Amatitán ,SE41861
Jalisco ,Ameca ,SE41862
Jalisco ,Arandas ,SE41863
Jalisco ,Atemajac de Brizuela ,SE41864
Jalisco ,Atengo ,SE41865
Jalisco ,Atenguillo ,SE41866
Jalisco ,Atotonilco el Alto ,SE41867
Jalisco ,Atoyac ,SE41868
Jalisco ,Autlán de Navarro ,SE41869
Jalisco ,Ayotlán ,SE41870
Jalisco ,Ayutla ,SE41871
Jalisco ,Bolaños ,SE41872
Jalisco ,Cabo Corrientes ,SE41873
Jalisco ,Cañadas de Obregón ,SE41874
Jalisco ,Casimiro Castillo ,SE41875
Jalisco ,Chapala ,SE41876
Jalisco ,Chimaltitán ,SE41877
Jalisco ,Chiquilistlán ,SE41878
Jalisco ,Cihuatlán ,SE41879
Jalisco ,Cocula ,SE41880
Jalisco ,Colotlán ,SE41881
Jalisco ,Concepción de Buenos Aires ,SE41882
Jalisco ,Cuautitlán de García Barragán ,SE41883
Jalisco ,Cuautla ,SE41884
Jalisco ,Cuquío ,SE41885
Jalisco ,Degollado ,SE41886
Jalisco ,Ejutla ,SE41887
Jalisco ,El Arenal ,SE41888
Jalisco ,El Grullo ,SE41889
Jalisco ,El Limón ,SE41890
Jalisco ,El Salto ,SE41891
Jalisco ,Encarnación de Díaz ,SE41892
Jalisco ,Etzatlán ,SE41893
Jalisco ,Gómez Farías ,SE41894
Jalisco ,Guachinango ,SE41895
Jalisco ,Guadalajara ,SE41896
Jalisco ,Hostotipaquillo ,SE41897
Jalisco ,Huejúcar ,SE41898
Jalisco ,Huejuquilla el Alto ,SE41899
Jalisco ,Ixtlahuacán de los Membrillos ,SE41900
Jalisco ,Ixtlahuacán del Río ,SE41901
Jalisco ,Jalostotitlán ,SE41902
Jalisco ,Jamay ,SE41903
Jalisco ,Jesús María ,SE41904
Jalisco ,Jilotlán de los Dolores ,SE41905
Jalisco ,Jocotepec ,SE41906
Jalisco ,Juanacatlán ,SE41907
Jalisco ,Juchitlán ,SE41908
Jalisco ,La Barca ,SE41909
Jalisco ,La Huerta ,SE41910
Jalisco ,La Manzanilla de la Paz ,SE41911
Jalisco ,Lagos de Moreno ,SE41912
Jalisco ,Magdalena ,SE41913
Jalisco ,Mascota ,SE41914
Jalisco ,Mazamitla ,SE41915
Jalisco ,Mexticacán ,SE41916
Jalisco ,Mezquitic ,SE41917
Jalisco ,Mixtlán ,SE41918
Jalisco ,Ocotlán ,SE41919
Jalisco ,Ojuelos de Jalisco ,SE41920
Jalisco ,Pihuamo ,SE41921
Jalisco ,Poncitlán ,SE41922
Jalisco ,Puerto Vallarta ,SE41923
Jalisco ,Quitupan ,SE41924
Jalisco ,San Cristóbal de la Barranca ,SE41925
Jalisco ,San Diego de Alejandría ,SE41926
Jalisco ,San Gabriel ,SE41927
Jalisco ,San Ignacio Cerro Gordo ,SE41928
Jalisco ,San Juan de los Lagos ,SE41929
Jalisco ,San Juanito de Escobedo ,SE41930
Jalisco ,San Julián ,SE41931
Jalisco ,San Marcos ,SE41932
Jalisco ,San Martín de Bolaños ,SE41933
Jalisco ,San Martín Hidalgo ,SE41934
Jalisco ,San Miguel el Alto ,SE41935
Jalisco ,San Sebastián del Oeste ,SE41936
Jalisco ,Santa María de los Ángeles ,SE41937
Jalisco ,Santa María del Oro ,SE41938
Jalisco ,Sayula ,SE41939
Jalisco ,Tala ,SE41940
Jalisco ,Talpa de Allende ,SE41941
Jalisco ,Tamazula de Gordiano ,SE41942
Jalisco ,Tapalpa ,SE41943
Jalisco ,Tecalitlán ,SE41944
Jalisco ,Techaluta de Montenegro ,SE41945
Jalisco ,Tecolotlán ,SE41946
Jalisco ,Tenamaxtlán ,SE41947
Jalisco ,Teocaltiche ,SE41948
Jalisco ,Teocuitatlán de Corona ,SE41949
Jalisco ,Tepatitlán de Morelos ,SE41950
Jalisco ,Tequila ,SE41951
Jalisco ,Teuchitlán ,SE41952
Jalisco ,Tizapán el Alto ,SE41953
Jalisco ,Tlajomulco de Zúñiga ,SE41954
Jalisco ,Tlaquepaque ,SE41955
Jalisco ,Tolimán ,SE41956
Jalisco ,Tomatlán ,SE41957
Jalisco ,Tonalá ,SE41958
Jalisco ,Tonaya ,SE41959
Jalisco ,Tonila ,SE41960
Jalisco ,Totatiche ,SE41961
Jalisco ,Tototlán ,SE41962
Jalisco ,Tuxcacuesco ,SE41963
Jalisco ,Tuxcueca ,SE41964
Jalisco ,Tuxpan ,SE41965
Jalisco ,Unión de San Antonio ,SE41966
Jalisco ,Unión de Tula ,SE41967
Jalisco ,Valle de Guadalupe ,SE41968
Jalisco ,Valle de Juárez ,SE41969
Jalisco ,Villa Corona ,SE41970
Jalisco ,Villa Guerrero ,SE41971
Jalisco ,Villa Hidalgo ,SE41972
Jalisco ,Villa Purificación ,SE41973
Jalisco ,Yahualica de González Gallo ,SE41974
Jalisco ,Zacoalco de Torres ,SE41975
Jalisco ,Zapopan ,SE41976
Jalisco ,Zapotiltic ,SE41977
Jalisco ,Zapotitlán de Vadillo ,SE41978
Jalisco ,Zapotlán del Rey ,SE41979
Jalisco ,Zapotlán el Grande ,SE41980
Jalisco ,Zapotlanejo ,SE41981
Jalisco ,No identificado -Jalisco ,SE41982
Michoacán ,Acuitzio ,SE41983
Michoacán ,Aguililla ,SE41984
Michoacán ,Álvaro Obregón ,SE41985
Michoacán ,Angamacutiro ,SE41986
Michoacán ,Angangueo ,SE41987
Michoacán ,Apatzingán ,SE41988
Michoacán ,Aporo ,SE41989
Michoacán ,Aquila ,SE41990
Michoacán ,Ario ,SE41991
Michoacán ,Arteaga ,SE41992
Michoacán ,Briseñas ,SE41993
Michoacán ,Buenavista ,SE41994
Michoacán ,Carácuaro ,SE41995
Michoacán ,Charapan ,SE41996
Michoacán ,Charo ,SE41997
Michoacán ,Chavinda ,SE41998
Michoacán ,Cherán ,SE41999
Michoacán ,Chilchota ,SE42000
Michoacán ,Chinicuila ,SE42001
Michoacán ,Chucándiro ,SE42002
Michoacán ,Churintzio ,SE42003
Michoacán ,Churumuco ,SE42004
Michoacán ,Coahuayana ,SE42005
Michoacán ,Coalcomán de Vázquez Pallares ,SE42006
Michoacán ,Coeneo ,SE42007
Michoacán ,Cojumatlán de Régules ,SE42008
Michoacán ,Contepec ,SE42009
Michoacán ,Copándaro ,SE42010
Michoacán ,Cotija ,SE42011
Michoacán ,Cuitzeo ,SE42012
Michoacán ,Ecuandureo ,SE42013
Michoacán ,Epitacio Huerta ,SE42014
Michoacán ,Erongarícuaro ,SE42015
Michoacán ,Gabriel Zamora ,SE42016
Michoacán ,Hidalgo ,SE42017
Michoacán ,Huandacareo ,SE42018
Michoacán ,Huaniqueo ,SE42019
Michoacán ,Huetamo ,SE42020
Michoacán ,Huiramba ,SE42021
Michoacán ,Indaparapeo ,SE42022
Michoacán ,Irimbo ,SE42023
Michoacán ,Ixtlán ,SE42024
Michoacán ,Jacona ,SE42025
Michoacán ,Jiménez ,SE42026
Michoacán ,Jiquilpan ,SE42027
Michoacán ,José Sixto Verduzco ,SE42028
Michoacán ,Juárez ,SE42029
Michoacán ,Jungapeo ,SE42030
Michoacán ,La Huacana ,SE42031
Michoacán ,La Piedad ,SE42032
Michoacán ,Lagunillas ,SE42033
Michoacán ,Lázaro Cárdenas ,SE42034
Michoacán ,Los Reyes ,SE42035
Michoacán ,Madero ,SE42036
Michoacán ,Maravatío ,SE42037
Michoacán ,Marcos Castellanos ,SE42038
Michoacán ,Morelia ,SE42039
Michoacán ,Morelos ,SE42040
Michoacán ,Múgica ,SE42041
Michoacán ,Nahuatzen ,SE42042
Michoacán ,Nocupétaro ,SE42043
Michoacán ,Nuevo Parangaricutiro ,SE42044
Michoacán ,Nuevo Urecho ,SE42045
Michoacán ,Numarán ,SE42046
Michoacán ,Ocampo ,SE42047
Michoacán ,Pajacuarán ,SE42048
Michoacán ,Panindícuaro ,SE42049
Michoacán ,Paracho ,SE42050
Michoacán ,Parácuaro ,SE42051
Michoacán ,Pátzcuaro ,SE42052
Michoacán ,Penjamillo ,SE42053
Michoacán ,Peribán ,SE42054
Michoacán ,Purépero ,SE42055
Michoacán ,Puruándiro ,SE42056
Michoacán ,Queréndaro ,SE42057
Michoacán ,Quiroga ,SE42058
Michoacán ,Sahuayo ,SE42059
Michoacán ,Salvador Escalante ,SE42060
Michoacán ,San Lucas ,SE42061
Michoacán ,Santa Ana Maya ,SE42062
Michoacán ,Senguio ,SE42063
Michoacán ,Susupuato ,SE42064
Michoacán ,Tacámbaro ,SE42065
Michoacán ,Tancítaro ,SE42066
Michoacán ,Tangamandapio ,SE42067
Michoacán ,Tangancícuaro ,SE42068
Michoacán ,Tanhuato ,SE42069
Michoacán ,Taretan ,SE42070
Michoacán ,Tarímbaro ,SE42071
Michoacán ,Tepalcatepec ,SE42072
Michoacán ,Tingambato ,SE42073
Michoacán ,Tingüindín ,SE42074
Michoacán ,Tiquicheo de Nicolás Romero ,SE42075
Michoacán ,Tlalpujahua ,SE42076
Michoacán ,Tlazazalca ,SE42077
Michoacán ,Tocumbo ,SE42078
Michoacán ,Tumbiscatío ,SE42079
Michoacán ,Turicato ,SE42080
Michoacán ,Tuxpan ,SE42081
Michoacán ,Tuzantla ,SE42082
Michoacán ,Tzintzuntzan ,SE42083
Michoacán ,Tzitzio ,SE42084
Michoacán ,Uruapan ,SE42085
Michoacán ,Venustiano Carranza ,SE42086
Michoacán ,Villamar ,SE42087
Michoacán ,Vista Hermosa ,SE42088
Michoacán ,Yurécuaro ,SE42089
Michoacán ,Zacapu ,SE42090
Michoacán ,Zamora ,SE42091
Michoacán ,Zináparo ,SE42092
Michoacán ,Zinapécuaro ,SE42093
Michoacán ,Ziracuaretiro ,SE42094
Michoacán ,Zitácuaro ,SE42095
Michoacán ,No identificado -Michoacán ,SE42096
Morelos ,Amacuzac ,SE42097
Morelos ,Atlatlahucan ,SE42098
Morelos ,Axochiapan ,SE42099
Morelos ,Ayala ,SE42100
Morelos ,Coatlán del Río ,SE42101
Morelos ,Cuautla ,SE42102
Morelos ,Cuernavaca ,SE42103
Morelos ,Emiliano Zapata ,SE42104
Morelos ,Huitzilac ,SE42105
Morelos ,Jantetelco ,SE42106
Morelos ,Jiutepec ,SE42107
Morelos ,Jojutla ,SE42108
Morelos ,Jonacatepec ,SE42109
Morelos ,Mazatepec ,SE42110
Morelos ,Miacatlán ,SE42111
Morelos ,Ocuituco ,SE42112
Morelos ,Puente de Ixtla ,SE42113
Morelos ,Temixco ,SE42114
Morelos ,Temoac ,SE42115
Morelos ,Tepalcingo ,SE42116
Morelos ,Tepoztlán ,SE42117
Morelos ,Tetecala ,SE42118
Morelos ,Tetela del Volcán ,SE42119
Morelos ,Tlalnepantla ,SE42120
Morelos ,Tlaltizapán ,SE42121
Morelos ,Tlaquiltenango ,SE42122
Morelos ,Tlayacapan ,SE42123
Morelos ,Totolapan ,SE42124
Morelos ,Xochitepec ,SE42125
Morelos ,Yautepec ,SE42126
Morelos ,Yecapixtla ,SE42127
Morelos ,Zacatepec ,SE42128
Morelos ,Zacualpan ,SE42129
Morelos ,No identificado -Morelos ,SE42130
Nayarit ,Acaponeta ,SE42131
Nayarit ,Ahuacatlán ,SE42132
Nayarit ,Amatlán de Cañas ,SE42133
Nayarit ,Bahía de Banderas ,SE42134
Nayarit ,Compostela ,SE42135
Nayarit ,Del Nayar ,SE42136
Nayarit ,Huajicori ,SE42137
Nayarit ,Ixtlán del Río ,SE42138
Nayarit ,Jala ,SE42139
Nayarit ,La Yesca ,SE42140
Nayarit ,Rosamorada ,SE42141
Nayarit ,Ruíz ,SE42142
Nayarit ,San Blas ,SE42143
Nayarit ,San Pedro Lagunillas ,SE42144
Nayarit ,Santa María del Oro ,SE42145
Nayarit ,Santiago Ixcuintla ,SE42146
Nayarit ,Tecuala ,SE42147
Nayarit ,Tepic ,SE42148
Nayarit ,Tuxpan ,SE42149
Nayarit ,Xalisco ,SE42150
Nayarit ,No identificado -Nayarit ,SE42151
Nuevo León ,Abasolo ,SE42152
Nuevo León ,Agualeguas ,SE42153
Nuevo León ,Allende ,SE42154
Nuevo León ,Anáhuac ,SE42155
Nuevo León ,Apodaca ,SE42156
Nuevo León ,Aramberri ,SE42157
Nuevo León ,Bustamante ,SE42158
Nuevo León ,Cadereyta Jiménez ,SE42159
Nuevo León ,Carmen ,SE42160
Nuevo León ,Cerralvo ,SE42161
Nuevo León ,China ,SE42162
Nuevo León ,Ciénega de Flores ,SE42163
Nuevo León ,Dr. Arroyo ,SE42164
Nuevo León ,Dr. Coss ,SE42165
Nuevo León ,Dr. González ,SE42166
Nuevo León ,Galeana ,SE42167
Nuevo León ,García ,SE42168
Nuevo León ,Gral. Bravo ,SE42169
Nuevo León ,Gral. Escobedo ,SE42170
Nuevo León ,Gral. Terán ,SE42171
Nuevo León ,Gral. Treviño ,SE42172
Nuevo León ,Gral. Zaragoza ,SE42173
Nuevo León ,Gral. Zuazua ,SE42174
Nuevo León ,Guadalupe ,SE42175
Nuevo León ,Hidalgo ,SE42176
Nuevo León ,Higueras ,SE42177
Nuevo León ,Hualahuises ,SE42178
Nuevo León ,Iturbide ,SE42179
Nuevo León ,Juárez ,SE42180
Nuevo León ,Lampazos de Naranjo ,SE42181
Nuevo León ,Linares ,SE42182
Nuevo León ,Los Aldamas ,SE42183
Nuevo León ,Los Herreras ,SE42184
Nuevo León ,Los Ramones ,SE42185
Nuevo León ,Marín ,SE42186
Nuevo León ,Melchor Ocampo ,SE42187
Nuevo León ,Mier y Noriega ,SE42188
Nuevo León ,Mina ,SE42189
Nuevo León ,Montemorelos ,SE42190
Nuevo León ,Monterrey ,SE42191
Nuevo León ,Parás ,SE42192
Nuevo León ,Pesquería ,SE42193
Nuevo León ,Rayones ,SE42194
Nuevo León ,Sabinas Hidalgo ,SE42195
Nuevo León ,Salinas Victoria ,SE42196
Nuevo León ,San Nicolás de los Garza ,SE42197
Nuevo León ,San Pedro Garza García ,SE42198
Nuevo León ,Santa Catarina ,SE42199
Nuevo León ,Santiago ,SE42200
Nuevo León ,Vallecillo ,SE42201
Nuevo León ,Villaldama ,SE42202
Nuevo León ,No identificado -Nuevo León ,SE42203
Oaxaca ,Abejones ,SE42204
Oaxaca ,Acatlán de Pérez Figueroa ,SE42205
Oaxaca ,Ánimas Trujano ,SE42206
Oaxaca ,Asunción Cacalotepec ,SE42207
Oaxaca ,Asunción Cuyotepeji ,SE42208
Oaxaca ,Asunción Ixtaltepec ,SE42209
Oaxaca ,Asunción Nochixtlán ,SE42210
Oaxaca ,Asunción Ocotlán ,SE42211
Oaxaca ,Asunción Tlacolulita ,SE42212
Oaxaca ,Ayoquezco de Aldama ,SE42213
Oaxaca ,Ayotzintepec ,SE42214
Oaxaca ,Calihualá ,SE42215
Oaxaca ,Candelaria Loxicha ,SE42216
Oaxaca ,Capulálpam de Méndez ,SE42217
Oaxaca ,Chahuites ,SE42218
Oaxaca ,Chalcatongo de Hidalgo ,SE42219
Oaxaca ,Chiquihuitlán de Benito Juárez ,SE42220
Oaxaca ,Ciénega de Zimatlán ,SE42221
Oaxaca ,Ciudad Ixtepec ,SE42222
Oaxaca ,Coatecas Altas ,SE42223
Oaxaca ,Coicoyán de las Flores ,SE42224
Oaxaca ,Concepción Buenavista ,SE42225
Oaxaca ,Concepción Pápalo ,SE42226
Oaxaca ,Constancia del Rosario ,SE42227
Oaxaca ,Cosolapa ,SE42228
Oaxaca ,Cosoltepec ,SE42229
Oaxaca ,Cuilápam de Guerrero ,SE42230
Oaxaca ,Cuyamecalco Villa de Zaragoza ,SE42231
Oaxaca ,El Barrio de la Soledad ,SE42232
Oaxaca ,El Espinal ,SE42233
Oaxaca ,Eloxochitlán de Flores Magón ,SE42234
Oaxaca ,Fresnillo de Trujano ,SE42235
Oaxaca ,Guadalupe de Ramírez ,SE42236
Oaxaca ,Guadalupe Etla ,SE42237
Oaxaca ,Guelatao de Juárez ,SE42238
Oaxaca ,Guevea de Humboldt ,SE42239
Oaxaca ,Heroica Ciudad de Ejutla de Crespo ,SE42240
Oaxaca ,Heroica Ciudad de Huajuapan de León ,SE42241
Oaxaca ,Heroica Ciudad de Tlaxiaco ,SE42242
Oaxaca ,Huautepec ,SE42243
Oaxaca ,Huautla de Jiménez ,SE42244
Oaxaca ,Ixpantepec Nieves ,SE42245
Oaxaca ,Ixtlán de Juárez ,SE42246
Oaxaca ,Heroica Ciudad de Juchitán de Zaragoza ,SE42247
Oaxaca ,La Compañía ,SE42248
Oaxaca ,La Pe ,SE42249
Oaxaca ,La Reforma ,SE42250
Oaxaca ,La Trinidad Vista Hermosa ,SE42251
Oaxaca ,Loma Bonita ,SE42252
Oaxaca ,Magdalena Apasco ,SE42253
Oaxaca ,Magdalena Jaltepec ,SE42254
Oaxaca ,Magdalena Mixtepec ,SE42255
Oaxaca ,Magdalena Ocotlán ,SE42256
Oaxaca ,Magdalena Peñasco ,SE42257
Oaxaca ,Magdalena Teitipac ,SE42258
Oaxaca ,Magdalena Tequisistlán ,SE42259
Oaxaca ,Magdalena Tlacotepec ,SE42260
Oaxaca ,Magdalena Yodocono de Porfirio Díaz ,SE42261
Oaxaca ,Magdalena Zahuatlán ,SE42262
Oaxaca ,Mariscala de Juárez ,SE42263
Oaxaca ,Mártires de Tacubaya ,SE42264
Oaxaca ,Matías Romero Avendaño ,SE42265
Oaxaca ,Mazatlán Villa de Flores ,SE42266
Oaxaca ,Mesones Hidalgo ,SE42267
Oaxaca ,Miahuatlán de Porfirio Díaz ,SE42268
Oaxaca ,Mixistlán de la Reforma ,SE42269
Oaxaca ,Monjas ,SE42270
Oaxaca ,Natividad ,SE42271
Oaxaca ,Nazareno Etla ,SE42272
Oaxaca ,Nejapa de Madero ,SE42273
Oaxaca ,Nuevo Zoquiápam ,SE42274
Oaxaca ,Oaxaca de Juárez ,SE42275
Oaxaca ,Ocotlán de Morelos ,SE42276
Oaxaca ,Pinotepa de Don Luis ,SE42277
Oaxaca ,Pluma Hidalgo ,SE42278
Oaxaca ,Putla Villa de Guerrero ,SE42279
Oaxaca ,Reforma de Pineda ,SE42280
Oaxaca ,Reyes Etla ,SE42281
Oaxaca ,Rojas de Cuauhtémoc ,SE42282
Oaxaca ,Salina Cruz ,SE42283
Oaxaca ,San Agustín Amatengo ,SE42284
Oaxaca ,San Agustín Atenango ,SE42285
Oaxaca ,San Agustín Chayuco ,SE42286
Oaxaca ,San Agustín de las Juntas ,SE42287
Oaxaca ,San Agustín Etla ,SE42288
Oaxaca ,San Agustín Loxicha ,SE42289
Oaxaca ,San Agustín Tlacotepec ,SE42290
Oaxaca ,San Agustín Yatareni ,SE42291
Oaxaca ,San Andrés Cabecera Nueva ,SE42292
Oaxaca ,San Andrés Dinicuiti ,SE42293
Oaxaca ,San Andrés Huaxpaltepec ,SE42294
Oaxaca ,San Andrés Huayápam ,SE42295
Oaxaca ,San Andrés Ixtlahuaca ,SE42296
Oaxaca ,San Andrés Lagunas ,SE42297
Oaxaca ,San Andrés Nuxiño ,SE42298
Oaxaca ,San Andrés Paxtlán ,SE42299
Oaxaca ,San Andrés Sinaxtla ,SE42300
Oaxaca ,San Andrés Solaga ,SE42301
Oaxaca ,San Andrés Teotilálpam ,SE42302
Oaxaca ,San Andrés Tepetlapa ,SE42303
Oaxaca ,San Andrés Yaá ,SE42304
Oaxaca ,San Andrés Zabache ,SE42305
Oaxaca ,San Andrés Zautla ,SE42306
Oaxaca ,San Antonino Castillo Velasco ,SE42307
Oaxaca ,San Antonino el Alto ,SE42308
Oaxaca ,San Antonino Monte Verde ,SE42309
Oaxaca ,San Antonio Acutla ,SE42310
Oaxaca ,San Antonio de la Cal ,SE42311
Oaxaca ,San Antonio Huitepec ,SE42312
Oaxaca ,San Antonio Nanahuatípam ,SE42313
Oaxaca ,San Antonio Sinicahua ,SE42314
Oaxaca ,San Antonio Tepetlapa ,SE42315
Oaxaca ,San Baltazar Chichicápam ,SE42316
Oaxaca ,San Baltazar Loxicha ,SE42317
Oaxaca ,San Baltazar Yatzachi el Bajo ,SE42318
Oaxaca ,San Bartolo Coyotepec ,SE42319
Oaxaca ,San Bartolo Soyaltepec ,SE42320
Oaxaca ,San Bartolo Yautepec ,SE42321
Oaxaca ,San Bartolomé Ayautla ,SE42322
Oaxaca ,San Bartolomé Loxicha ,SE42323
Oaxaca ,San Bartolomé Quialana ,SE42324
Oaxaca ,San Bartolomé Yucuañe ,SE42325
Oaxaca ,San Bartolomé Zoogocho ,SE42326
Oaxaca ,San Bernardo Mixtepec ,SE42327
Oaxaca ,San Blas Atempa ,SE42328
Oaxaca ,San Carlos Yautepec ,SE42329
Oaxaca ,San Cristóbal Amatlán ,SE42330
Oaxaca ,San Cristóbal Amoltepec ,SE42331
Oaxaca ,San Cristóbal Lachirioag ,SE42332
Oaxaca ,San Cristóbal Suchixtlahuaca ,SE42333
Oaxaca ,San Dionisio del Mar ,SE42334
Oaxaca ,San Dionisio Ocotepec ,SE42335
Oaxaca ,San Dionisio Ocotlán ,SE42336
Oaxaca ,San Esteban Atatlahuca ,SE42337
Oaxaca ,San Felipe Jalapa de Díaz ,SE42338
Oaxaca ,San Felipe Tejalápam ,SE42339
Oaxaca ,San Felipe Usila ,SE42340
Oaxaca ,San Francisco Cahuacuá ,SE42341
Oaxaca ,San Francisco Cajonos ,SE42342
Oaxaca ,San Francisco Chapulapa ,SE42343
Oaxaca ,San Francisco Chindúa ,SE42344
Oaxaca ,San Francisco del Mar ,SE42345
Oaxaca ,San Francisco Huehuetlán ,SE42346
Oaxaca ,San Francisco Ixhuatán ,SE42347
Oaxaca ,San Francisco Jaltepetongo ,SE42348
Oaxaca ,San Francisco Lachigoló ,SE42349
Oaxaca ,San Francisco Logueche ,SE42350
Oaxaca ,San Francisco Nuxaño ,SE42351
Oaxaca ,San Francisco Ozolotepec ,SE42352
Oaxaca ,San Francisco Sola ,SE42353
Oaxaca ,San Francisco Telixtlahuaca ,SE42354
Oaxaca ,San Francisco Teopan ,SE42355
Oaxaca ,San Francisco Tlapancingo ,SE42356
Oaxaca ,San Gabriel Mixtepec ,SE42357
Oaxaca ,San Ildefonso Amatlán ,SE42358
Oaxaca ,San Ildefonso Sola ,SE42359
Oaxaca ,San Ildefonso Villa Alta ,SE42360
Oaxaca ,San Jacinto Amilpas ,SE42361
Oaxaca ,San Jacinto Tlacotepec ,SE42362
Oaxaca ,San Jerónimo Coatlán ,SE42363
Oaxaca ,San Jerónimo Silacayoapilla ,SE42364
Oaxaca ,San Jerónimo Sosola ,SE42365
Oaxaca ,San Jerónimo Taviche ,SE42366
Oaxaca ,San Jerónimo Tecóatl ,SE42367
Oaxaca ,San Jerónimo Tlacochahuaya ,SE42368
Oaxaca ,San Jorge Nuchita ,SE42369
Oaxaca ,San José Ayuquila ,SE42370
Oaxaca ,San José Chiltepec ,SE42371
Oaxaca ,San José del Peñasco ,SE42372
Oaxaca ,San José del Progreso ,SE42373
Oaxaca ,San José Estancia Grande ,SE42374
Oaxaca ,San José Independencia ,SE42375
Oaxaca ,San José Lachiguiri ,SE42376
Oaxaca ,San José Tenango ,SE42377
Oaxaca ,San Juan Achiutla ,SE42378
Oaxaca ,San Juan Atepec ,SE42379
Oaxaca ,San Juan Bautista Atatlahuca ,SE42380
Oaxaca ,San Juan Bautista Coixtlahuaca ,SE42381
Oaxaca ,San Juan Bautista Cuicatlán ,SE42382
Oaxaca ,San Juan Bautista Guelache ,SE42383
Oaxaca ,San Juan Bautista Jayacatlán ,SE42384
Oaxaca ,San Juan Bautista Lo de Soto ,SE42385
Oaxaca ,San Juan Bautista Suchitepec ,SE42386
Oaxaca ,San Juan Bautista Tlachichilco ,SE42387
Oaxaca ,San Juan Bautista Tlacoatzintepec ,SE42388
Oaxaca ,San Juan Bautista Tuxtepec ,SE42389
Oaxaca ,San Juan Bautista Valle Nacional ,SE42390
Oaxaca ,San Juan Cacahuatepec ,SE42391
Oaxaca ,San Juan Chicomezúchil ,SE42392
Oaxaca ,San Juan Chilateca ,SE42393
Oaxaca ,San Juan Cieneguilla ,SE42394
Oaxaca ,San Juan Coatzóspam ,SE42395
Oaxaca ,San Juan Colorado ,SE42396
Oaxaca ,San Juan Comaltepec ,SE42397
Oaxaca ,San Juan Cotzocón ,SE42398
Oaxaca ,San Juan de los Cués ,SE42399
Oaxaca ,San Juan del Estado ,SE42400
Oaxaca ,San Juan del Río ,SE42401
Oaxaca ,San Juan Diuxi ,SE42402
Oaxaca ,San Juan Evangelista Analco ,SE42403
Oaxaca ,San Juan Guelavía ,SE42404
Oaxaca ,San Juan Guichicovi ,SE42405
Oaxaca ,San Juan Ihualtepec ,SE42406
Oaxaca ,San Juan Juquila Mixes ,SE42407
Oaxaca ,San Juan Juquila Vijanos ,SE42408
Oaxaca ,San Juan Lachao ,SE42409
Oaxaca ,San Juan Lachigalla ,SE42410
Oaxaca ,San Juan Lajarcia ,SE42411
Oaxaca ,San Juan Lalana ,SE42412
Oaxaca ,San Juan Mazatlán ,SE42413
Oaxaca ,San Juan Mixtepec - Distr. 08 - ,SE42414
Oaxaca ,San Juan Mixtepec - Distr. 26 - ,SE42415
Oaxaca ,San Juan Ñumí ,SE42416
Oaxaca ,San Juan Ozolotepec ,SE42417
Oaxaca ,San Juan Petlapa ,SE42418
Oaxaca ,San Juan Quiahije ,SE42419
Oaxaca ,San Juan Quiotepec ,SE42420
Oaxaca ,San Juan Sayultepec ,SE42421
Oaxaca ,San Juan Tabaá ,SE42422
Oaxaca ,San Juan Tamazola ,SE42423
Oaxaca ,San Juan Teita ,SE42424
Oaxaca ,San Juan Teitipac ,SE42425
Oaxaca ,San Juan Tepeuxila ,SE42426
Oaxaca ,San Juan Teposcolula ,SE42427
Oaxaca ,San Juan Yaeé ,SE42428
Oaxaca ,San Juan Yatzona ,SE42429
Oaxaca ,San Juan Yucuita ,SE42430
Oaxaca ,San Lorenzo ,SE42431
Oaxaca ,San Lorenzo Albarradas ,SE42432
Oaxaca ,San Lorenzo Cacaotepec ,SE42433
Oaxaca ,San Lorenzo Cuaunecuiltitla ,SE42434
Oaxaca ,San Lorenzo Texmelucan ,SE42435
Oaxaca ,San Lorenzo Victoria ,SE42436
Oaxaca ,San Lucas Camotlán ,SE42437
Oaxaca ,San Lucas Ojitlán ,SE42438
Oaxaca ,San Lucas Quiaviní ,SE42439
Oaxaca ,San Lucas Zoquiápam ,SE42440
Oaxaca ,San Luis Amatlán ,SE42441
Oaxaca ,San Marcial Ozolotepec ,SE42442
Oaxaca ,San Marcos Arteaga ,SE42443
Oaxaca ,San Martín de los Cansecos ,SE42444
Oaxaca ,San Martín Huamelúlpam ,SE42445
Oaxaca ,San Martín Itunyoso ,SE42446
Oaxaca ,San Martín Lachilá ,SE42447
Oaxaca ,San Martín Peras ,SE42448
Oaxaca ,San Martín Tilcajete ,SE42449
Oaxaca ,San Martín Toxpalan ,SE42450
Oaxaca ,San Martín Zacatepec ,SE42451
Oaxaca ,San Mateo Cajonos ,SE42452
Oaxaca ,San Mateo del Mar ,SE42453
Oaxaca ,San Mateo Etlatongo ,SE42454
Oaxaca ,San Mateo Nejápam ,SE42455
Oaxaca ,San Mateo Peñasco ,SE42456
Oaxaca ,San Mateo Piñas ,SE42457
Oaxaca ,San Mateo Río Hondo ,SE42458
Oaxaca ,San Mateo Sindihui ,SE42459
Oaxaca ,San Mateo Tlapiltepec ,SE42460
Oaxaca ,San Mateo Yoloxochitlán ,SE42461
Oaxaca ,San Melchor Betaza ,SE42462
Oaxaca ,San Miguel Achiutla ,SE42463
Oaxaca ,San Miguel Ahuehuetitlán ,SE42464
Oaxaca ,San Miguel Aloápam ,SE42465
Oaxaca ,San Miguel Amatitlán ,SE42466
Oaxaca ,San Miguel Amatlán ,SE42467
Oaxaca ,San Miguel Chicahua ,SE42468
Oaxaca ,San Miguel Chimalapa ,SE42469
Oaxaca ,San Miguel Coatlán ,SE42470
Oaxaca ,San Miguel del Puerto ,SE42471
Oaxaca ,San Miguel del Río ,SE42472
Oaxaca ,San Miguel Ejutla ,SE42473
Oaxaca ,San Miguel el Grande ,SE42474
Oaxaca ,San Miguel Huautla ,SE42475
Oaxaca ,San Miguel Mixtepec ,SE42476
Oaxaca ,San Miguel Panixtlahuaca ,SE42477
Oaxaca ,San Miguel Peras ,SE42478
Oaxaca ,San Miguel Piedras ,SE42479
Oaxaca ,San Miguel Quetzaltepec ,SE42480
Oaxaca ,San Miguel Santa Flor ,SE42481
Oaxaca ,San Miguel Soyaltepec ,SE42482
Oaxaca ,San Miguel Suchixtepec ,SE42483
Oaxaca ,San Miguel Tecomatlán ,SE42484
Oaxaca ,San Miguel Tenango ,SE42485
Oaxaca ,San Miguel Tequixtepec ,SE42486
Oaxaca ,San Miguel Tilquiápam ,SE42487
Oaxaca ,San Miguel Tlacamama ,SE42488
Oaxaca ,San Miguel Tlacotepec ,SE42489
Oaxaca ,San Miguel Tulancingo ,SE42490
Oaxaca ,San Miguel Yotao ,SE42491
Oaxaca ,San Nicolás ,SE42492
Oaxaca ,San Nicolás Hidalgo ,SE42493
Oaxaca ,San Pablo Coatlán ,SE42494
Oaxaca ,San Pablo Cuatro Venados ,SE42495
Oaxaca ,San Pablo Etla ,SE42496
Oaxaca ,San Pablo Huitzo ,SE42497
Oaxaca ,San Pablo Huixtepec ,SE42498
Oaxaca ,San Pablo Macuiltianguis ,SE42499
Oaxaca ,San Pablo Tijaltepec ,SE42500
Oaxaca ,San Pablo Villa de Mitla ,SE42501
Oaxaca ,San Pablo Yaganiza ,SE42502
Oaxaca ,San Pedro Amuzgos ,SE42503
Oaxaca ,San Pedro Apóstol ,SE42504
Oaxaca ,San Pedro Atoyac ,SE42505
Oaxaca ,San Pedro Cajonos ,SE42506
Oaxaca ,San Pedro Comitancillo ,SE42507
Oaxaca ,San Pedro Coxcaltepec Cántaros ,SE42508
Oaxaca ,San Pedro el Alto ,SE42509
Oaxaca ,San Pedro Huamelula ,SE42510
Oaxaca ,San Pedro Huilotepec ,SE42511
Oaxaca ,San Pedro Ixcatlán ,SE42512
Oaxaca ,San Pedro Ixtlahuaca ,SE42513
Oaxaca ,San Pedro Jaltepetongo ,SE42514
Oaxaca ,San Pedro Jicayán ,SE42515
Oaxaca ,San Pedro Jocotipac ,SE42516
Oaxaca ,San Pedro Juchatengo ,SE42517
Oaxaca ,San Pedro Mártir ,SE42518
Oaxaca ,San Pedro Mártir Quiechapa ,SE42519
Oaxaca ,San Pedro Mártir Yucuxaco ,SE42520
Oaxaca ,San Pedro Mixtepec - Distr. 22 - ,SE42521
Oaxaca ,San Pedro Mixtepec - Distr. 26 - ,SE42522
Oaxaca ,San Pedro Molinos ,SE42523
Oaxaca ,San Pedro Nopala ,SE42524
Oaxaca ,San Pedro Ocopetatillo ,SE42525
Oaxaca ,San Pedro Ocotepec ,SE42526
Oaxaca ,San Pedro Pochutla ,SE42527
Oaxaca ,San Pedro Quiatoni ,SE42528
Oaxaca ,San Pedro Sochiápam ,SE42529
Oaxaca ,San Pedro Tapanatepec ,SE42530
Oaxaca ,San Pedro Taviche ,SE42531
Oaxaca ,San Pedro Teozacoalco ,SE42532
Oaxaca ,San Pedro Teutila ,SE42533
Oaxaca ,San Pedro Tidaá ,SE42534
Oaxaca ,San Pedro Topiltepec ,SE42535
Oaxaca ,San Pedro Totolápam ,SE42536
Oaxaca ,San Pedro y San Pablo Ayutla ,SE42537
Oaxaca ,San Pedro y San Pablo Teposcolula ,SE42538
Oaxaca ,San Pedro y San Pablo Tequixtepec ,SE42539
Oaxaca ,San Pedro Yaneri ,SE42540
Oaxaca ,San Pedro Yólox ,SE42541
Oaxaca ,San Pedro Yucunama ,SE42542
Oaxaca ,San Raymundo Jalpan ,SE42543
Oaxaca ,San Sebastián Abasolo ,SE42544
Oaxaca ,San Sebastián Coatlán ,SE42545
Oaxaca ,San Sebastián Ixcapa ,SE42546
Oaxaca ,San Sebastián Nicananduta ,SE42547
Oaxaca ,San Sebastián Río Hondo ,SE42548
Oaxaca ,San Sebastián Tecomaxtlahuaca ,SE42549
Oaxaca ,San Sebastián Teitipac ,SE42550
Oaxaca ,San Sebastián Tutla ,SE42551
Oaxaca ,San Simón Almolongas ,SE42552
Oaxaca ,San Simón Zahuatlán ,SE42553
Oaxaca ,San Vicente Coatlán ,SE42554
Oaxaca ,San Vicente Lachixío ,SE42555
Oaxaca ,San Vicente Nuñú ,SE42556
Oaxaca ,Santa Ana ,SE42557
Oaxaca ,Santa Ana Ateixtlahuaca ,SE42558
Oaxaca ,Santa Ana Cuauhtémoc ,SE42559
Oaxaca ,Santa Ana del Valle ,SE42560
Oaxaca ,Santa Ana Tavela ,SE42561
Oaxaca ,Santa Ana Tlapacoyan ,SE42562
Oaxaca ,Santa Ana Yareni ,SE42563
Oaxaca ,Santa Ana Zegache ,SE42564
Oaxaca ,Santa Catalina Quierí ,SE42565
Oaxaca ,Santa Catarina Cuixtla ,SE42566
Oaxaca ,Santa Catarina Ixtepeji ,SE42567
Oaxaca ,Santa Catarina Juquila ,SE42568
Oaxaca ,Santa Catarina Lachatao ,SE42569
Oaxaca ,Santa Catarina Loxicha ,SE42570
Oaxaca ,Santa Catarina Mechoacán ,SE42571
Oaxaca ,Santa Catarina Minas ,SE42572
Oaxaca ,Santa Catarina Quiané ,SE42573
Oaxaca ,Santa Catarina Quioquitani ,SE42574
Oaxaca ,Santa Catarina Tayata ,SE42575
Oaxaca ,Santa Catarina Ticuá ,SE42576
Oaxaca ,Santa Catarina Yosonotú ,SE42577
Oaxaca ,Santa Catarina Zapoquila ,SE42578
Oaxaca ,Santa Cruz Acatepec ,SE42579
Oaxaca ,Santa Cruz Amilpas ,SE42580
Oaxaca ,Santa Cruz de Bravo ,SE42581
Oaxaca ,Santa Cruz Itundujia ,SE42582
Oaxaca ,Santa Cruz Mixtepec ,SE42583
Oaxaca ,Santa Cruz Nundaco ,SE42584
Oaxaca ,Santa Cruz Papalutla ,SE42585
Oaxaca ,Santa Cruz Tacache de Mina ,SE42586
Oaxaca ,Santa Cruz Tacahua ,SE42587
Oaxaca ,Santa Cruz Tayata ,SE42588
Oaxaca ,Santa Cruz Xitla ,SE42589
Oaxaca ,Santa Cruz Xoxocotlán ,SE42590
Oaxaca ,Santa Cruz Zenzontepec ,SE42591
Oaxaca ,Santa Gertrudis ,SE42592
Oaxaca ,Santa Inés de Zaragoza ,SE42593
Oaxaca ,Santa Inés del Monte ,SE42594
Oaxaca ,Santa Inés Yatzeche ,SE42595
Oaxaca ,Santa Lucía del Camino ,SE42596
Oaxaca ,Santa Lucía Miahuatlán ,SE42597
Oaxaca ,Santa Lucía Monteverde ,SE42598
Oaxaca ,Santa Lucía Ocotlán ,SE42599
Oaxaca ,Santa Magdalena Jicotlán ,SE42600
Oaxaca ,Santa María Alotepec ,SE42601
Oaxaca ,Santa María Apazco ,SE42602
Oaxaca ,Santa María Atzompa ,SE42603
Oaxaca ,Santa María Camotlán ,SE42604
Oaxaca ,Santa María Chachoápam ,SE42605
Oaxaca ,Santa María Chilchotla ,SE42606
Oaxaca ,Santa María Chimalapa ,SE42607
Oaxaca ,Santa María Colotepec ,SE42608
Oaxaca ,Santa María Cortijo ,SE42609
Oaxaca ,Santa María Coyotepec ,SE42610
Oaxaca ,Santa María del Rosario ,SE42611
Oaxaca ,Santa María del Tule ,SE42612
Oaxaca ,Santa María Ecatepec ,SE42613
Oaxaca ,Santa María Guelacé ,SE42614
Oaxaca ,Santa María Guienagati ,SE42615
Oaxaca ,Santa María Huatulco ,SE42616
Oaxaca ,Santa María Huazolotitlán ,SE42617
Oaxaca ,Santa María Ipalapa ,SE42618
Oaxaca ,Santa María Ixcatlán ,SE42619
Oaxaca ,Santa María Jacatepec ,SE42620
Oaxaca ,Santa María Jalapa del Marqués ,SE42621
Oaxaca ,Santa María Jaltianguis ,SE42622
Oaxaca ,Santa María la Asunción ,SE42623
Oaxaca ,Santa María Lachixío ,SE42624
Oaxaca ,Santa María Mixtequilla ,SE42625
Oaxaca ,Santa María Nativitas ,SE42626
Oaxaca ,Santa María Nduayaco ,SE42627
Oaxaca ,Santa María Ozolotepec ,SE42628
Oaxaca ,Santa María Pápalo ,SE42629
Oaxaca ,Santa María Peñoles ,SE42630
Oaxaca ,Santa María Petapa ,SE42631
Oaxaca ,Santa María Quiegolani ,SE42632
Oaxaca ,Santa María Sola ,SE42633
Oaxaca ,Santa María Tataltepec ,SE42634
Oaxaca ,Santa María Tecomavaca ,SE42635
Oaxaca ,Santa María Temaxcalapa ,SE42636
Oaxaca ,Santa María Temaxcaltepec ,SE42637
Oaxaca ,Santa María Teopoxco ,SE42638
Oaxaca ,Santa María Tepantlali ,SE42639
Oaxaca ,Santa María Texcatitlán ,SE42640
Oaxaca ,Santa María Tlahuitoltepec ,SE42641
Oaxaca ,Santa María Tlalixtac ,SE42642
Oaxaca ,Santa María Tonameca ,SE42643
Oaxaca ,Santa María Totolapilla ,SE42644
Oaxaca ,Santa María Xadani ,SE42645
Oaxaca ,Santa María Yalina ,SE42646
Oaxaca ,Santa María Yavesía ,SE42647
Oaxaca ,Santa María Yolotepec ,SE42648
Oaxaca ,Santa María Yosoyúa ,SE42649
Oaxaca ,Santa María Yucuhiti ,SE42650
Oaxaca ,Santa María Zacatepec ,SE42651
Oaxaca ,Santa María Zaniza ,SE42652
Oaxaca ,Santa María Zoquitlán ,SE42653
Oaxaca ,Santiago Amoltepec ,SE42654
Oaxaca ,Santiago Apoala ,SE42655
Oaxaca ,Santiago Apóstol ,SE42656
Oaxaca ,Santiago Astata ,SE42657
Oaxaca ,Santiago Atitlán ,SE42658
Oaxaca ,Santiago Ayuquililla ,SE42659
Oaxaca ,Santiago Cacaloxtepec ,SE42660
Oaxaca ,Santiago Camotlán ,SE42661
Oaxaca ,Santiago Chazumba ,SE42662
Oaxaca ,Santiago Choápam ,SE42663
Oaxaca ,Santiago Comaltepec ,SE42664
Oaxaca ,Santiago del Río ,SE42665
Oaxaca ,Santiago Huajolotitlán ,SE42666
Oaxaca ,Santiago Huauclilla ,SE42667
Oaxaca ,Santiago Ihuitlán Plumas ,SE42668
Oaxaca ,Santiago Ixcuintepec ,SE42669
Oaxaca ,Santiago Ixtayutla ,SE42670
Oaxaca ,Santiago Jamiltepec ,SE42671
Oaxaca ,Santiago Jocotepec ,SE42672
Oaxaca ,Santiago Juxtlahuaca ,SE42673
Oaxaca ,Santiago Lachiguiri ,SE42674
Oaxaca ,Santiago Lalopa ,SE42675
Oaxaca ,Santiago Laollaga ,SE42676
Oaxaca ,Santiago Laxopa ,SE42677
Oaxaca ,Santiago Llano Grande ,SE42678
Oaxaca ,Santiago Matatlán ,SE42679
Oaxaca ,Santiago Miltepec ,SE42680
Oaxaca ,Santiago Minas ,SE42681
Oaxaca ,Santiago Nacaltepec ,SE42682
Oaxaca ,Santiago Nejapilla ,SE42683
Oaxaca ,Santiago Niltepec ,SE42684
Oaxaca ,Santiago Nundiche ,SE42685
Oaxaca ,Santiago Nuyoó ,SE42686
Oaxaca ,Santiago Pinotepa Nacional ,SE42687
Oaxaca ,Santiago Suchilquitongo ,SE42688
Oaxaca ,Santiago Tamazola ,SE42689
Oaxaca ,Santiago Tapextla ,SE42690
Oaxaca ,Santiago Tenango ,SE42691
Oaxaca ,Santiago Tepetlapa ,SE42692
Oaxaca ,Santiago Tetepec ,SE42693
Oaxaca ,Santiago Texcalcingo ,SE42694
Oaxaca ,Santiago Textitlán ,SE42695
Oaxaca ,Santiago Tilantongo ,SE42696
Oaxaca ,Santiago Tillo ,SE42697
Oaxaca ,Santiago Tlazoyaltepec ,SE42698
Oaxaca ,Santiago Xanica ,SE42699
Oaxaca ,Santiago Xiacuí ,SE42700
Oaxaca ,Santiago Yaitepec ,SE42701
Oaxaca ,Santiago Yaveo ,SE42702
Oaxaca ,Santiago Yolomécatl ,SE42703
Oaxaca ,Santiago Yosondúa ,SE42704
Oaxaca ,Santiago Yucuyachi ,SE42705
Oaxaca ,Santiago Zacatepec ,SE42706
Oaxaca ,Santiago Zoochila ,SE42707
Oaxaca ,Santo Domingo Albarradas ,SE42708
Oaxaca ,Santo Domingo Armenta ,SE42709
Oaxaca ,Santo Domingo Chihuitán ,SE42710
Oaxaca ,Santo Domingo de Morelos ,SE42711
Oaxaca ,Santo Domingo Ingenio ,SE42712
Oaxaca ,Santo Domingo Ixcatlán ,SE42713
Oaxaca ,Santo Domingo Nuxaá ,SE42714
Oaxaca ,Santo Domingo Ozolotepec ,SE42715
Oaxaca ,Santo Domingo Petapa ,SE42716
Oaxaca ,Santo Domingo Roayaga ,SE42717
Oaxaca ,Santo Domingo Tehuantepec ,SE42718
Oaxaca ,Santo Domingo Teojomulco ,SE42719
Oaxaca ,Santo Domingo Tepuxtepec ,SE42720
Oaxaca ,Santo Domingo Tlatayápam ,SE42721
Oaxaca ,Santo Domingo Tomaltepec ,SE42722
Oaxaca ,Santo Domingo Tonalá ,SE42723
Oaxaca ,Santo Domingo Tonaltepec ,SE42724
Oaxaca ,Santo Domingo Xagacía ,SE42725
Oaxaca ,Santo Domingo Yanhuitlán ,SE42726
Oaxaca ,Santo Domingo Yodohino ,SE42727
Oaxaca ,Santo Domingo Zanatepec ,SE42728
Oaxaca ,Santo Tomás Jalieza ,SE42729
Oaxaca ,Santo Tomás Mazaltepec ,SE42730
Oaxaca ,Santo Tomás Ocotepec ,SE42731
Oaxaca ,Santo Tomás Tamazulapan ,SE42732
Oaxaca ,Santos Reyes Nopala ,SE42733
Oaxaca ,Santos Reyes Pápalo ,SE42734
Oaxaca ,Santos Reyes Tepejillo ,SE42735
Oaxaca ,Santos Reyes Yucuná ,SE42736
Oaxaca ,Silacayoápam ,SE42737
Oaxaca ,Sitio de Xitlapehua ,SE42738
Oaxaca ,Soledad Etla ,SE42739
Oaxaca ,Tamazulápam del Espíritu Santo ,SE42740
Oaxaca ,Tanetze de Zaragoza ,SE42741
Oaxaca ,Taniche ,SE42742
Oaxaca ,Tataltepec de Valdés ,SE42743
Oaxaca ,Teococuilco de Marcos Pérez ,SE42744
Oaxaca ,Teotitlán de Flores Magón ,SE42745
Oaxaca ,Teotitlán del Valle ,SE42746
Oaxaca ,Teotongo ,SE42747
Oaxaca ,Tepelmeme Villa de Morelos ,SE42748
Oaxaca ,Tezoatlán de Segura y Luna ,SE42749
Oaxaca ,Tlacolula de Matamoros ,SE42750
Oaxaca ,Tlacotepec Plumas ,SE42751
Oaxaca ,Tlalixtac de Cabrera ,SE42752
Oaxaca ,Totontepec Villa de Morelos ,SE42753
Oaxaca ,Trinidad Zaachila ,SE42754
Oaxaca ,Unión Hidalgo ,SE42755
Oaxaca ,Valerio Trujano ,SE42756
Oaxaca ,Villa de Chilapa de Díaz ,SE42757
Oaxaca ,Villa de Etla ,SE42758
Oaxaca ,Villa de Tamazulápam del Progreso ,SE42759
Oaxaca ,Villa de Tututepec de Melchor Ocampo ,SE42760
Oaxaca ,Villa de Zaachila ,SE42761
Oaxaca ,Villa Díaz Ordaz ,SE42762
Oaxaca ,Villa Hidalgo ,SE42763
Oaxaca ,Villa Sola de Vega ,SE42764
Oaxaca ,Villa Talea de Castro ,SE42765
Oaxaca ,Villa Tejúpam de la Unión ,SE42766
Oaxaca ,Yaxe ,SE42767
Oaxaca ,Yogana ,SE42768
Oaxaca ,Yutanduchi de Guerrero ,SE42769
Oaxaca ,Zapotitlán del Río ,SE42770
Oaxaca ,Zapotitlán Lagunas ,SE42771
Oaxaca ,Zapotitlán Palmas ,SE42772
Oaxaca ,Zimatlán de Álvarez ,SE42773
Oaxaca ,No identificado -Oaxaca ,SE42774
Puebla ,Acajete ,SE42775
Puebla ,Acateno ,SE42776
Puebla ,Acatlán ,SE42777
Puebla ,Acatzingo ,SE42778
Puebla ,Acteopan ,SE42779
Puebla ,Ahuacatlán ,SE42780
Puebla ,Ahuatlán ,SE42781
Puebla ,Ahuazotepec ,SE42782
Puebla ,Ahuehuetitla ,SE42783
Puebla ,Ajalpan ,SE42784
Puebla ,Albino Zertuche ,SE42785
Puebla ,Aljojuca ,SE42786
Puebla ,Altepexi ,SE42787
Puebla ,Amixtlán ,SE42788
Puebla ,Amozoc ,SE42789
Puebla ,Aquixtla ,SE42790
Puebla ,Atempan ,SE42791
Puebla ,Atexcal ,SE42792
Puebla ,Atlequizayan ,SE42793
Puebla ,Atlixco ,SE42794
Puebla ,Atoyatempan ,SE42795
Puebla ,Atzala ,SE42796
Puebla ,Atzitzihuacán ,SE42797
Puebla ,Atzitzintla ,SE42798
Puebla ,Axutla ,SE42799
Puebla ,Ayotoxco de Guerrero ,SE42800
Puebla ,Calpan ,SE42801
Puebla ,Caltepec ,SE42802
Puebla ,Camocuautla ,SE42803
Puebla ,Cañada Morelos ,SE42804
Puebla ,Caxhuacan ,SE42805
Puebla ,Chalchicomula de Sesma ,SE42806
Puebla ,Chapulco ,SE42807
Puebla ,Chiautla ,SE42808
Puebla ,Chiautzingo ,SE42809
Puebla ,Chichiquila ,SE42810
Puebla ,Chiconcuautla ,SE42811
Puebla ,Chigmecatitlán ,SE42812
Puebla ,Chignahuapan ,SE42813
Puebla ,Chignautla ,SE42814
Puebla ,Chila ,SE42815
Puebla ,Chila de la Sal ,SE42816
Puebla ,Chilchotla ,SE42817
Puebla ,Chinantla ,SE42818
Puebla ,Chietla ,SE42819
Puebla ,Coatepec ,SE42820
Puebla ,Coatzingo ,SE42821
Puebla ,Cohetzala ,SE42822
Puebla ,Cohuecan ,SE42823
Puebla ,Coronango ,SE42824
Puebla ,Coxcatlán ,SE42825
Puebla ,Coyomeapan ,SE42826
Puebla ,Coyotepec ,SE42827
Puebla ,Cuapiaxtla de Madero ,SE42828
Puebla ,Cuautempan ,SE42829
Puebla ,Cuautinchán ,SE42830
Puebla ,Cuautlancingo ,SE42831
Puebla ,Cuayuca de Andrade ,SE42832
Puebla ,Cuetzalan del Progreso ,SE42833
Puebla ,Cuyoaco ,SE42834
Puebla ,Domingo Arenas ,SE42835
Puebla ,Eloxochitlán ,SE42836
Puebla ,Epatlán ,SE42837
Puebla ,Esperanza ,SE42838
Puebla ,Francisco Z. Mena ,SE42839
Puebla ,General Felipe Ángeles ,SE42840
Puebla ,Guadalupe ,SE42841
Puebla ,Guadalupe Victoria ,SE42842
Puebla ,Hermenegildo Galeana ,SE42843
Puebla ,Huaquechula ,SE42844
Puebla ,Huatlatlauca ,SE42845
Puebla ,Huauchinango ,SE42846
Puebla ,Huehuetla ,SE42847
Puebla ,Huehuetlán el Chico ,SE42848
Puebla ,Huehuetlán el Grande ,SE42849
Puebla ,Huejotzingo ,SE42850
Puebla ,Hueyapan ,SE42851
Puebla ,Hueytamalco ,SE42852
Puebla ,Hueytlalpan ,SE42853
Puebla ,Huitzilan de Serdán ,SE42854
Puebla ,Huitziltepec ,SE42855
Puebla ,Ixcamilpa de Guerrero ,SE42856
Puebla ,Ixcaquixtla ,SE42857
Puebla ,Ixtacamaxtitlán ,SE42858
Puebla ,Ixtepec ,SE42859
Puebla ,Izúcar de Matamoros ,SE42860
Puebla ,Jalpan ,SE42861
Puebla ,Jolalpan ,SE42862
Puebla ,Jonotla ,SE42863
Puebla ,Jopala ,SE42864
Puebla ,Juan C. Bonilla ,SE42865
Puebla ,Juan Galindo ,SE42866
Puebla ,Juan N. Méndez ,SE42867
Puebla ,La Magdalena Tlatlauquitepec ,SE42868
Puebla ,Lafragua ,SE42869
Puebla ,Libres ,SE42870
Puebla ,Los Reyes de Juárez ,SE42871
Puebla ,Mazapiltepec de Juárez ,SE42872
Puebla ,Mixtla ,SE42873
Puebla ,Molcaxac ,SE42874
Puebla ,Honey ,SE42875
Puebla ,Naupan ,SE42876
Puebla ,Nauzontla ,SE42877
Puebla ,Nealtican ,SE42878
Puebla ,Nicolás Bravo ,SE42879
Puebla ,Nopalucan ,SE42880
Puebla ,Ocotepec ,SE42881
Puebla ,Ocoyucan ,SE42882
Puebla ,Olintla ,SE42883
Puebla ,Oriental ,SE42884
Puebla ,Pahuatlán ,SE42885
Puebla ,Palmar de Bravo ,SE42886
Puebla ,Pantepec ,SE42887
Puebla ,Petlalcingo ,SE42888
Puebla ,Piaxtla ,SE42889
Puebla ,Puebla ,SE42890
Puebla ,Quecholac ,SE42891
Puebla ,Quimixtlán ,SE42892
Puebla ,Rafael Lara Grajales ,SE42893
Puebla ,San Andrés Cholula ,SE42894
Puebla ,San Antonio Cañada ,SE42895
Puebla ,San Diego la Mesa Tochimiltzingo ,SE42896
Puebla ,San Felipe Teotlalcingo ,SE42897
Puebla ,San Felipe Tepatlán ,SE42898
Puebla ,San Gabriel Chilac ,SE42899
Puebla ,San Gregorio Atzompa ,SE42900
Puebla ,San Jerónimo Tecuanipan ,SE42901
Puebla ,San Jerónimo Xayacatlán ,SE42902
Puebla ,San José Chiapa ,SE42903
Puebla ,San José Miahuatlán ,SE42904
Puebla ,San Juan Atenco ,SE42905
Puebla ,San Juan Atzompa ,SE42906
Puebla ,San Martín Texmelucan ,SE42907
Puebla ,San Martín Totoltepec ,SE42908
Puebla ,San Matías Tlalancaleca ,SE42909
Puebla ,San Miguel Ixitlán ,SE42910
Puebla ,San Miguel Xoxtla ,SE42911
Puebla ,San Nicolás Buenos Aires ,SE42912
Puebla ,San Nicolás de los Ranchos ,SE42913
Puebla ,San Pablo Anicano ,SE42914
Puebla ,San Pedro Cholula ,SE42915
Puebla ,San Pedro Yeloixtlahuaca ,SE42916
Puebla ,San Salvador el Seco ,SE42917
Puebla ,San Salvador el Verde ,SE42918
Puebla ,San Salvador Huixcolotla ,SE42919
Puebla ,San Sebastián Tlacotepec ,SE42920
Puebla ,Santa Catarina Tlaltempan ,SE42921
Puebla ,Santa Inés Ahuatempan ,SE42922
Puebla ,Santa Isabel Cholula ,SE42923
Puebla ,Santiago Miahuatlán ,SE42924
Puebla ,Santo Tomás Hueyotlipan ,SE42925
Puebla ,Soltepec ,SE42926
Puebla ,Tecali de Herrera ,SE42927
Puebla ,Tecamachalco ,SE42928
Puebla ,Tecomatlán ,SE42929
Puebla ,Tehuacán ,SE42930
Puebla ,Tehuitzingo ,SE42931
Puebla ,Tenampulco ,SE42932
Puebla ,Teopantlán ,SE42933
Puebla ,Teotlalco ,SE42934
Puebla ,Tepanco de López ,SE42935
Puebla ,Tepango de Rodríguez ,SE42936
Puebla ,Tepatlaxco de Hidalgo ,SE42937
Puebla ,Tepeaca ,SE42938
Puebla ,Tepemaxalco ,SE42939
Puebla ,Tepeojuma ,SE42940
Puebla ,Tepetzintla ,SE42941
Puebla ,Tepexco ,SE42942
Puebla ,Tepexi de Rodríguez ,SE42943
Puebla ,Tepeyahualco ,SE42944
Puebla ,Tepeyahualco de Cuauhtémoc ,SE42945
Puebla ,Tetela de Ocampo ,SE42946
Puebla ,Teteles de Avila Castillo ,SE42947
Puebla ,Teziutlán ,SE42948
Puebla ,Tianguismanalco ,SE42949
Puebla ,Tilapa ,SE42950
Puebla ,Tlachichuca ,SE42951
Puebla ,Tlacotepec de Benito Juárez ,SE42952
Puebla ,Tlacuilotepec ,SE42953
Puebla ,Tlahuapan ,SE42954
Puebla ,Tlaltenango ,SE42955
Puebla ,Tlanepantla ,SE42956
Puebla ,Tlaola ,SE42957
Puebla ,Tlapacoya ,SE42958
Puebla ,Tlapanalá ,SE42959
Puebla ,Tlatlauquitepec ,SE42960
Puebla ,Tlaxco ,SE42961
Puebla ,Tochimilco ,SE42962
Puebla ,Tochtepec ,SE42963
Puebla ,Totoltepec de Guerrero ,SE42964
Puebla ,Tulcingo ,SE42965
Puebla ,Tuzamapan de Galeana ,SE42966
Puebla ,Tzicatlacoyan ,SE42967
Puebla ,Venustiano Carranza ,SE42968
Puebla ,Vicente Guerrero ,SE42969
Puebla ,Xayacatlán de Bravo ,SE42970
Puebla ,Xicotepec ,SE42971
Puebla ,Xicotlán ,SE42972
Puebla ,Xiutetelco ,SE42973
Puebla ,Xochiapulco ,SE42974
Puebla ,Xochiltepec ,SE42975
Puebla ,Xochitlán de Vicente Suárez ,SE42976
Puebla ,Xochitlán Todos Santos ,SE42977
Puebla ,Yaonáhuac ,SE42978
Puebla ,Yehualtepec ,SE42979
Puebla ,Zacapala ,SE42980
Puebla ,Zacapoaxtla ,SE42981
Puebla ,Zacatlán ,SE42982
Puebla ,Zapotitlán ,SE42983
Puebla ,Zapotitlán de Méndez ,SE42984
Puebla ,Zaragoza ,SE42985
Puebla ,Zautla ,SE42986
Puebla ,Zihuateutla ,SE42987
Puebla ,Zinacatepec ,SE42988
Puebla ,Zongozotla ,SE42989
Puebla ,Zoquiapan ,SE42990
Puebla ,Zoquitlán ,SE42991
Puebla ,No identificado -Puebla ,SE42992
Querétaro ,Amealco de Bonfil ,SE42993
Querétaro ,Arroyo Seco ,SE42994
Querétaro ,Cadereyta de Montes ,SE42995
Querétaro ,Colón ,SE42996
Querétaro ,Corregidora ,SE42997
Querétaro ,El Marqués ,SE42998
Querétaro ,Ezequiel Montes ,SE42999
Querétaro ,Huimilpan ,SE43000
Querétaro ,Jalpan de Serra ,SE43001
Querétaro ,Landa de Matamoros ,SE43002
Querétaro ,Pedro Escobedo ,SE43003
Querétaro ,Peñamiller ,SE43004
Querétaro ,Pinal de Amoles ,SE43005
Querétaro ,Querétaro ,SE43006
Querétaro ,San Joaquín ,SE43007
Querétaro ,San Juan del Río ,SE43008
Querétaro ,Tequisquiapan ,SE43009
Querétaro ,Tolimán ,SE43010
Querétaro ,No identificado -Querétaro ,SE43011
Quintana Roo ,Benito Juárez ,SE43012
Quintana Roo ,Cozumel ,SE43013
Quintana Roo ,Felipe Carrillo Puerto ,SE43014
Quintana Roo ,Isla Mujeres ,SE43015
Quintana Roo ,José María Morelos ,SE43016
Quintana Roo ,Lázaro Cárdenas ,SE43017
Quintana Roo ,Othón P. Blanco ,SE43018
Quintana Roo ,Solidaridad ,SE43019
Quintana Roo ,Tulum ,SE43020
Quintana Roo ,No identificado -Quintana Roo ,SE43021
San Luis Potosí ,Ahualulco ,SE43022
San Luis Potosí ,Alaquines ,SE43023
San Luis Potosí ,Aquismón ,SE43024
San Luis Potosí ,Armadillo de los Infante ,SE43025
San Luis Potosí ,Axtla de Terrazas ,SE43026
San Luis Potosí ,Cárdenas ,SE43027
San Luis Potosí ,Catorce ,SE43028
San Luis Potosí ,Cedral ,SE43029
San Luis Potosí ,Cerritos ,SE43030
San Luis Potosí ,Cerro de San Pedro ,SE43031
San Luis Potosí ,Charcas ,SE43032
San Luis Potosí ,Ciudad del Maíz ,SE43033
San Luis Potosí ,Ciudad Fernández ,SE43034
San Luis Potosí ,Ciudad Valles ,SE43035
San Luis Potosí ,Coxcatlán ,SE43036
San Luis Potosí ,Ebano ,SE43037
San Luis Potosí ,El Naranjo ,SE43038
San Luis Potosí ,Guadalcázar ,SE43039
San Luis Potosí ,Huehuetlán ,SE43040
San Luis Potosí ,Lagunillas ,SE43041
San Luis Potosí ,Matehuala ,SE43042
San Luis Potosí ,Matlapa ,SE43043
San Luis Potosí ,Mexquitic de Carmona ,SE43044
San Luis Potosí ,Moctezuma ,SE43045
San Luis Potosí ,Rayón ,SE43046
San Luis Potosí ,Rioverde ,SE43047
San Luis Potosí ,Salinas ,SE43048
San Luis Potosí ,San Antonio ,SE43049
San Luis Potosí ,San Ciro de Acosta ,SE43050
San Luis Potosí ,San Luis Potosí ,SE43051
San Luis Potosí ,San Martín Chalchicuautla ,SE43052
San Luis Potosí ,San Nicolás Tolentino ,SE43053
San Luis Potosí ,San Vicente Tancuayalab ,SE43054
San Luis Potosí ,Santa Catarina ,SE43055
San Luis Potosí ,Santa María del Río ,SE43056
San Luis Potosí ,Santo Domingo ,SE43057
San Luis Potosí ,Soledad de Graciano Sánchez ,SE43058
San Luis Potosí ,Tamasopo ,SE43059
San Luis Potosí ,Tamazunchale ,SE43060
San Luis Potosí ,Tampacán ,SE43061
San Luis Potosí ,Tampamolón Corona ,SE43062
San Luis Potosí ,Tamuín ,SE43063
San Luis Potosí ,Tancanhuitz ,SE43064
San Luis Potosí ,Tanlajás ,SE43065
San Luis Potosí ,Tanquián de Escobedo ,SE43066
San Luis Potosí ,Tierra Nueva ,SE43067
San Luis Potosí ,Vanegas ,SE43068
San Luis Potosí ,Venado ,SE43069
San Luis Potosí ,Villa de Arista ,SE43070
San Luis Potosí ,Villa de Arriaga ,SE43071
San Luis Potosí ,Villa de Guadalupe ,SE43072
San Luis Potosí ,Villa de la Paz ,SE43073
San Luis Potosí ,Villa de Ramos ,SE43074
San Luis Potosí ,Villa de Reyes ,SE43075
San Luis Potosí ,Villa Hidalgo ,SE43076
San Luis Potosí ,Villa Juárez ,SE43077
San Luis Potosí ,Xilitla ,SE43078
San Luis Potosí ,Zaragoza ,SE43079
San Luis Potosí ,No identificado -Quintana Roo ,SE43080
Sinaloa ,Ahome ,SE43081
Sinaloa ,Angostura ,SE43082
Sinaloa ,Badiraguato ,SE43083
Sinaloa ,Choix ,SE43084
Sinaloa ,Concordia ,SE43085
Sinaloa ,Cosalá ,SE43086
Sinaloa ,Culiacán ,SE43087
Sinaloa ,El Fuerte ,SE43088
Sinaloa ,Elota ,SE43089
Sinaloa ,Escuinapa ,SE43090
Sinaloa ,Guasave ,SE43091
Sinaloa ,Mazatlán ,SE43092
Sinaloa ,Mocorito ,SE43093
Sinaloa ,Navolato ,SE43094
Sinaloa ,Rosario ,SE43095
Sinaloa ,Salvador Alvarado ,SE43096
Sinaloa ,San Ignacio ,SE43097
Sinaloa ,Sinaloa ,SE43098
Sinaloa ,No identificado -Sinaloa ,SE43099
Sonora ,Aconchi ,SE43100
Sonora ,Agua Prieta ,SE43101
Sonora ,Alamos ,SE43102
Sonora ,Altar ,SE43103
Sonora ,Arivechi ,SE43104
Sonora ,Arizpe ,SE43105
Sonora ,Atil ,SE43106
Sonora ,Bacadéhuachi ,SE43107
Sonora ,Bacanora ,SE43108
Sonora ,Bacerac ,SE43109
Sonora ,Bacoachi ,SE43110
Sonora ,Bácum ,SE43111
Sonora ,Banámichi ,SE43112
Sonora ,Baviácora ,SE43113
Sonora ,Bavispe ,SE43114
Sonora ,Benito Juárez ,SE43115
Sonora ,Benjamín Hill ,SE43116
Sonora ,Caborca ,SE43117
Sonora ,Cajeme ,SE43118
Sonora ,Cananea ,SE43119
Sonora ,Carbó ,SE43120
Sonora ,Cucurpe ,SE43121
Sonora ,Cumpas ,SE43122
Sonora ,Divisaderos ,SE43123
Sonora ,Empalme ,SE43124
Sonora ,Etchojoa ,SE43125
Sonora ,Fronteras ,SE43126
Sonora ,General Plutarco Elías Calles ,SE43127
Sonora ,Granados ,SE43128
Sonora ,Guaymas ,SE43129
Sonora ,Hermosillo ,SE43130
Sonora ,Huachinera ,SE43131
Sonora ,Huásabas ,SE43132
Sonora ,Huatabampo ,SE43133
Sonora ,Huépac ,SE43134
Sonora ,Imuris ,SE43135
Sonora ,La Colorada ,SE43136
Sonora ,Magdalena ,SE43137
Sonora ,Mazatán ,SE43138
Sonora ,Moctezuma ,SE43139
Sonora ,Naco ,SE43140
Sonora ,Nácori Chico ,SE43141
Sonora ,Nacozari de García ,SE43142
Sonora ,Navojoa ,SE43143
Sonora ,Nogales ,SE43144
Sonora ,Onavas ,SE43145
Sonora ,Opodepe ,SE43146
Sonora ,Oquitoa ,SE43147
Sonora ,Pitiquito ,SE43148
Sonora ,Puerto Peñasco ,SE43149
Sonora ,Quiriego ,SE43150
Sonora ,Rayón ,SE43151
Sonora ,Rosario ,SE43152
Sonora ,Sahuaripa ,SE43153
Sonora ,San Felipe de Jesús ,SE43154
Sonora ,San Ignacio Río Muerto ,SE43155
Sonora ,San Javier ,SE43156
Sonora ,San Luis Río Colorado ,SE43157
Sonora ,San Miguel de Horcasitas ,SE43158
Sonora ,San Pedro de la Cueva ,SE43159
Sonora ,Santa Ana ,SE43160
Sonora ,Santa Cruz ,SE43161
Sonora ,Sáric ,SE43162
Sonora ,Soyopa ,SE43163
Sonora ,Suaqui Grande ,SE43164
Sonora ,Tepache ,SE43165
Sonora ,Trincheras ,SE43166
Sonora ,Tubutama ,SE43167
Sonora ,Ures ,SE43168
Sonora ,Villa Hidalgo ,SE43169
Sonora ,Villa Pesqueira ,SE43170
Sonora ,Yécora ,SE43171
Sonora ,No identificado -Sonora ,SE43172
Tabasco ,Balancán ,SE43173
Tabasco ,Cárdenas ,SE43174
Tabasco ,Centla ,SE43175
Tabasco ,Centro ,SE43176
Tabasco ,Comalcalco ,SE43177
Tabasco ,Cunduacán ,SE43178
Tabasco ,Emiliano Zapata ,SE43179
Tabasco ,Huimanguillo ,SE43180
Tabasco ,Jalapa ,SE43181
Tabasco ,Jalpa de Méndez ,SE43182
Tabasco ,Jonuta ,SE43183
Tabasco ,Macuspana ,SE43184
Tabasco ,Nacajuca ,SE43185
Tabasco ,Paraíso ,SE43186
Tabasco ,Tacotalpa ,SE43187
Tabasco ,Teapa ,SE43188
Tabasco ,Tenosique ,SE43189
Tabasco ,No identificado -Tabasco ,SE43190
Tamaulipas ,Abasolo ,SE43191
Tamaulipas ,Aldama ,SE43192
Tamaulipas ,Altamira ,SE43193
Tamaulipas ,Antiguo Morelos ,SE43194
Tamaulipas ,Burgos ,SE43195
Tamaulipas ,Bustamante ,SE43196
Tamaulipas ,Camargo ,SE43197
Tamaulipas ,Casas ,SE43198
Tamaulipas ,Ciudad Madero ,SE43199
Tamaulipas ,Cruillas ,SE43200
Tamaulipas ,El Mante ,SE43201
Tamaulipas ,Gómez Farías ,SE43202
Tamaulipas ,González ,SE43203
Tamaulipas ,Güémez ,SE43204
Tamaulipas ,Guerrero ,SE43205
Tamaulipas ,Gustavo Díaz Ordaz ,SE43206
Tamaulipas ,Hidalgo ,SE43207
Tamaulipas ,Jaumave ,SE43208
Tamaulipas ,Jiménez ,SE43209
Tamaulipas ,Llera ,SE43210
Tamaulipas ,Mainero ,SE43211
Tamaulipas ,Matamoros ,SE43212
Tamaulipas ,Méndez ,SE43213
Tamaulipas ,Mier ,SE43214
Tamaulipas ,Miguel Alemán ,SE43215
Tamaulipas ,Miquihuana ,SE43216
Tamaulipas ,Nuevo Laredo ,SE43217
Tamaulipas ,Nuevo Morelos ,SE43218
Tamaulipas ,Ocampo ,SE43219
Tamaulipas ,Padilla ,SE43220
Tamaulipas ,Palmillas ,SE43221
Tamaulipas ,Reynosa ,SE43222
Tamaulipas ,Río Bravo ,SE43223
Tamaulipas ,San Carlos ,SE43224
Tamaulipas ,San Fernando ,SE43225
Tamaulipas ,San Nicolás ,SE43226
Tamaulipas ,Soto la Marina ,SE43227
Tamaulipas ,Tampico ,SE43228
Tamaulipas ,Tula ,SE43229
Tamaulipas ,Valle Hermoso ,SE43230
Tamaulipas ,Victoria ,SE43231
Tamaulipas ,Villagrán ,SE43232
Tamaulipas ,Xicoténcatl ,SE43233
Tamaulipas ,No identificado -Tamaulipas ,SE43234
Tlaxcala ,Acuamanala de Miguel Hidalgo ,SE43235
Tlaxcala ,Atltzayanca ,SE43236
Tlaxcala ,Amaxac de Guerrero ,SE43237
Tlaxcala ,Apetatitlán de Antonio Carvajal ,SE43238
Tlaxcala ,Apizaco ,SE43239
Tlaxcala ,Atlangatepec ,SE43240
Tlaxcala ,Benito Juárez ,SE43241
Tlaxcala ,Calpulalpan ,SE43242
Tlaxcala ,Chiautempan ,SE43243
Tlaxcala ,Contla de Juan Cuamatzi ,SE43244
Tlaxcala ,Cuapiaxtla ,SE43245
Tlaxcala ,Cuaxomulco ,SE43246
Tlaxcala ,El Carmen Tequexquitla ,SE43247
Tlaxcala ,Emiliano Zapata ,SE43248
Tlaxcala ,Españita ,SE43249
Tlaxcala ,Huamantla ,SE43250
Tlaxcala ,Hueyotlipan ,SE43251
Tlaxcala ,Ixtacuixtla de Mariano Matamoros ,SE43252
Tlaxcala ,Ixtenco ,SE43253
Tlaxcala ,La Magdalena Tlaltelulco ,SE43254
Tlaxcala ,Lázaro Cárdenas ,SE43255
Tlaxcala ,Mazatecochco de José María Morelos ,SE43256
Tlaxcala ,Muñoz de Domingo Arenas ,SE43257
Tlaxcala ,Nanacamilpa de Mariano Arista ,SE43258
Tlaxcala ,Natívitas ,SE43259
Tlaxcala ,Panotla ,SE43260
Tlaxcala ,Papalotla de Xicohténcatl ,SE43261
Tlaxcala ,San Damián Texóloc ,SE43262
Tlaxcala ,San Francisco Tetlanohcan ,SE43263
Tlaxcala ,San Jerónimo Zacualpan ,SE43264
Tlaxcala ,San José Teacalco ,SE43265
Tlaxcala ,San Juan Huactzinco ,SE43266
Tlaxcala ,San Lorenzo Axocomanitla ,SE43267
Tlaxcala ,San Lucas Tecopilco ,SE43268
Tlaxcala ,San Pablo del Monte ,SE43269
Tlaxcala ,Sanctórum de Lázaro Cárdenas ,SE43270
Tlaxcala ,Santa Ana Nopalucan ,SE43271
Tlaxcala ,Santa Apolonia Teacalco ,SE43272
Tlaxcala ,Santa Catarina Ayometla ,SE43273
Tlaxcala ,Santa Cruz Quilehtla ,SE43274
Tlaxcala ,Santa Cruz Tlaxcala ,SE43275
Tlaxcala ,Santa Isabel Xiloxoxtla ,SE43276
Tlaxcala ,Tenancingo ,SE43277
Tlaxcala ,Teolocholco ,SE43278
Tlaxcala ,Tepetitla de Lardizábal ,SE43279
Tlaxcala ,Tepeyanco ,SE43280
Tlaxcala ,Terrenate ,SE43281
Tlaxcala ,Tetla de la Solidaridad ,SE43282
Tlaxcala ,Tetlatlahuca ,SE43283
Tlaxcala ,Tlaxcala ,SE43284
Tlaxcala ,Tlaxco ,SE43285
Tlaxcala ,Tocatlán ,SE43286
Tlaxcala ,Totolac ,SE43287
Tlaxcala ,Tzompantepec ,SE43288
Tlaxcala ,Xaloztoc ,SE43289
Tlaxcala ,Xaltocan ,SE43290
Tlaxcala ,Xicohtzinco ,SE43291
Tlaxcala ,Yauhquemehcan ,SE43292
Tlaxcala ,Zacatelco ,SE43293
Tlaxcala ,Ziltlaltépec de Trinidad Sánchez Santos ,SE43294
Tlaxcala ,No identificado -Tlaxcala ,SE43295
Veracruz ,Acajete ,SE43296
Veracruz ,Acatlán ,SE43297
Veracruz ,Acayucan ,SE43298
Veracruz ,Actopan ,SE43299
Veracruz ,Acula ,SE43300
Veracruz ,Acultzingo ,SE43301
Veracruz ,Agua Dulce ,SE43302
Veracruz ,Alpatláhuac ,SE43303
Veracruz ,Alto Lucero de Gutiérrez Barrios ,SE43304
Veracruz ,Altotonga ,SE43305
Veracruz ,Alvarado ,SE43306
Veracruz ,Amatitlán ,SE43307
Veracruz ,Amatlán de los Reyes ,SE43308
Veracruz ,Angel R. Cabada ,SE43309
Veracruz ,Apazapan ,SE43310
Veracruz ,Aquila ,SE43311
Veracruz ,Astacinga ,SE43312
Veracruz ,Atlahuilco ,SE43313
Veracruz ,Atoyac ,SE43314
Veracruz ,Atzacan ,SE43315
Veracruz ,Atzalan ,SE43316
Veracruz ,Ayahualulco ,SE43317
Veracruz ,Banderilla ,SE43318
Veracruz ,Benito Juárez ,SE43319
Veracruz ,Boca del Río ,SE43320
Veracruz ,Calcahualco ,SE43321
Veracruz ,Camarón de Tejeda ,SE43322
Veracruz ,Camerino Z. Mendoza ,SE43323
Veracruz ,Carlos A. Carrillo ,SE43324
Veracruz ,Carrillo Puerto ,SE43325
Veracruz ,Castillo de Teayo ,SE43326
Veracruz ,Catemaco ,SE43327
Veracruz ,Cazones de Herrera ,SE43328
Veracruz ,Cerro Azul ,SE43329
Veracruz ,Chacaltianguis ,SE43330
Veracruz ,Chalma ,SE43331
Veracruz ,Chiconamel ,SE43332
Veracruz ,Chiconquiaco ,SE43333
Veracruz ,Chicontepec ,SE43334
Veracruz ,Chinameca ,SE43335
Veracruz ,Chinampa de Gorostiza ,SE43336
Veracruz ,Chocamán ,SE43337
Veracruz ,Chontla ,SE43338
Veracruz ,Chumatlán ,SE43339
Veracruz ,Citlaltépetl ,SE43340
Veracruz ,Coacoatzintla ,SE43341
Veracruz ,Coahuitlán ,SE43342
Veracruz ,Coatepec ,SE43343
Veracruz ,Coatzacoalcos ,SE43344
Veracruz ,Coatzintla ,SE43345
Veracruz ,Coetzala ,SE43346
Veracruz ,Colipa ,SE43347
Veracruz ,Comapa ,SE43348
Veracruz ,Córdoba ,SE43349
Veracruz ,Cosamaloapan de Carpio ,SE43350
Veracruz ,Cosautlán de Carvajal ,SE43351
Veracruz ,Coscomatepec ,SE43352
Veracruz ,Cosoleacaque ,SE43353
Veracruz ,Cotaxtla ,SE43354
Veracruz ,Coxquihui ,SE43355
Veracruz ,Coyutla ,SE43356
Veracruz ,Cuichapa ,SE43357
Veracruz ,Cuitláhuac ,SE43358
Veracruz ,El Higo ,SE43359
Veracruz ,Emiliano Zapata ,SE43360
Veracruz ,Espinal ,SE43361
Veracruz ,Filomeno Mata ,SE43362
Veracruz ,Fortín ,SE43363
Veracruz ,Gutiérrez Zamora ,SE43364
Veracruz ,Hidalgotitlán ,SE43365
Veracruz ,Huatusco ,SE43366
Veracruz ,Huayacocotla ,SE43367
Veracruz ,Hueyapan de Ocampo ,SE43368
Veracruz ,Huiloapan de Cuauhtémoc ,SE43369
Veracruz ,Ignacio de la Llave ,SE43370
Veracruz ,Ilamatlán ,SE43371
Veracruz ,Isla ,SE43372
Veracruz ,Ixcatepec ,SE43373
Veracruz ,Ixhuacán de los Reyes ,SE43374
Veracruz ,Ixhuatlán de Madero ,SE43375
Veracruz ,Ixhuatlán del Café ,SE43376
Veracruz ,Ixhuatlán del Sureste ,SE43377
Veracruz ,Ixhuatlancillo ,SE43378
Veracruz ,Ixmatlahuacan ,SE43379
Veracruz ,Ixtaczoquitlán ,SE43380
Veracruz ,Jalacingo ,SE43381
Veracruz ,Jalcomulco ,SE43382
Veracruz ,Jáltipan ,SE43383
Veracruz ,Jamapa ,SE43384
Veracruz ,Jesús Carranza ,SE43385
Veracruz ,Jilotepec ,SE43386
Veracruz ,José Azueta ,SE43387
Veracruz ,Juan Rodríguez Clara ,SE43388
Veracruz ,Juchique de Ferrer ,SE43389
Veracruz ,La Antigua ,SE43390
Veracruz ,La Perla ,SE43391
Veracruz ,Landero y Coss ,SE43392
Veracruz ,Las Choapas ,SE43393
Veracruz ,Las Minas ,SE43394
Veracruz ,Las Vigas de Ramírez ,SE43395
Veracruz ,Lerdo de Tejada ,SE43396
Veracruz ,Los Reyes ,SE43397
Veracruz ,Magdalena ,SE43398
Veracruz ,Maltrata ,SE43399
Veracruz ,Manlio Fabio Altamirano ,SE43400
Veracruz ,Mariano Escobedo ,SE43401
Veracruz ,Martínez de la Torre ,SE43402
Veracruz ,Mecatlán ,SE43403
Veracruz ,Mecayapan ,SE43404
Veracruz ,Medellín ,SE43405
Veracruz ,Miahuatlán ,SE43406
Veracruz ,Minatitlán ,SE43407
Veracruz ,Misantla ,SE43408
Veracruz ,Mixtla de Altamirano ,SE43409
Veracruz ,Moloacán ,SE43410
Veracruz ,Nanchital de Lázaro Cárdenas del Río ,SE43411
Veracruz ,Naolinco ,SE43412
Veracruz ,Naranjal ,SE43413
Veracruz ,Naranjos Amatlán ,SE43414
Veracruz ,Nautla ,SE43415
Veracruz ,Nogales ,SE43416
Veracruz ,Oluta ,SE43417
Veracruz ,Omealca ,SE43418
Veracruz ,Orizaba ,SE43419
Veracruz ,Otatitlán ,SE43420
Veracruz ,Oteapan ,SE43421
Veracruz ,Ozuluama de Mascareñas ,SE43422
Veracruz ,Pajapan ,SE43423
Veracruz ,Pánuco ,SE43424
Veracruz ,Papantla ,SE43425
Veracruz ,Paso de Ovejas ,SE43426
Veracruz ,Paso del Macho ,SE43427
Veracruz ,Perote ,SE43428
Veracruz ,Platón Sánchez ,SE43429
Veracruz ,Playa Vicente ,SE43430
Veracruz ,Poza Rica de Hidalgo ,SE43431
Veracruz ,Pueblo Viejo ,SE43432
Veracruz ,Puente Nacional ,SE43433
Veracruz ,Rafael Delgado ,SE43434
Veracruz ,Rafael Lucio ,SE43435
Veracruz ,Río Blanco ,SE43436
Veracruz ,Saltabarranca ,SE43437
Veracruz ,San Andrés Tenejapan ,SE43438
Veracruz ,San Andrés Tuxtla ,SE43439
Veracruz ,San Juan Evangelista ,SE43440
Veracruz ,San Rafael ,SE43441
Veracruz ,Santiago Sochiapan ,SE43442
Veracruz ,Santiago Tuxtla ,SE43443
Veracruz ,Sayula de Alemán ,SE43444
Veracruz ,Sochiapa ,SE43445
Veracruz ,Soconusco ,SE43446
Veracruz ,Soledad Atzompa ,SE43447
Veracruz ,Soledad de Doblado ,SE43448
Veracruz ,Soteapan ,SE43449
Veracruz ,Tamalín ,SE43450
Veracruz ,Tamiahua ,SE43451
Veracruz ,Tampico Alto ,SE43452
Veracruz ,Tancoco ,SE43453
Veracruz ,Tantima ,SE43454
Veracruz ,Tantoyuca ,SE43455
Veracruz ,Tatahuicapan de Juárez ,SE43456
Veracruz ,Tatatila ,SE43457
Veracruz ,Tecolutla ,SE43458
Veracruz ,Tehuipango ,SE43459
Veracruz ,Álamo Temapache ,SE43460
Veracruz ,Tempoal ,SE43461
Veracruz ,Tenampa ,SE43462
Veracruz ,Tenochtitlán ,SE43463
Veracruz ,Teocelo ,SE43464
Veracruz ,Tepatlaxco ,SE43465
Veracruz ,Tepetlán ,SE43466
Veracruz ,Tepetzintla ,SE43467
Veracruz ,Tequila ,SE43468
Veracruz ,Texcatepec ,SE43469
Veracruz ,Texhuacán ,SE43470
Veracruz ,Texistepec ,SE43471
Veracruz ,Tezonapa ,SE43472
Veracruz ,Tierra Blanca ,SE43473
Veracruz ,Tihuatlán ,SE43474
Veracruz ,Tlachichilco ,SE43475
Veracruz ,Tlacojalpan ,SE43476
Veracruz ,Tlacolulan ,SE43477
Veracruz ,Tlacotalpan ,SE43478
Veracruz ,Tlacotepec de Mejía ,SE43479
Veracruz ,Tlalixcoyan ,SE43480
Veracruz ,Tlalnelhuayocan ,SE43481
Veracruz ,Tlaltetela ,SE43482
Veracruz ,Tlapacoyan ,SE43483
Veracruz ,Tlaquilpa ,SE43484
Veracruz ,Tlilapan ,SE43485
Veracruz ,Tomatlán ,SE43486
Veracruz ,Tonayán ,SE43487
Veracruz ,Totutla ,SE43488
Veracruz ,Tres Valles ,SE43489
Veracruz ,Tuxpan ,SE43490
Veracruz ,Tuxtilla ,SE43491
Veracruz ,Ursulo Galván ,SE43492
Veracruz ,Uxpanapa ,SE43493
Veracruz ,Vega de Alatorre ,SE43494
Veracruz ,Veracruz ,SE43495
Veracruz ,Villa Aldama ,SE43496
Veracruz ,Xalapa ,SE43497
Veracruz ,Xico ,SE43498
Veracruz ,Xoxocotla ,SE43499
Veracruz ,Yanga ,SE43500
Veracruz ,Yecuatla ,SE43501
Veracruz ,Zacualpan ,SE43502
Veracruz ,Zaragoza ,SE43503
Veracruz ,Zentla ,SE43504
Veracruz ,Zongolica ,SE43505
Veracruz ,Zontecomatlán de López y Fuentes ,SE43506
Veracruz ,Zozocolco de Hidalgo ,SE43507
Veracruz ,No identificado -Veracruz ,SE43508
Yucatán ,Abalá ,SE43509
Yucatán ,Acanceh ,SE43510
Yucatán ,Akil ,SE43511
Yucatán ,Baca ,SE43512
Yucatán ,Bokobá ,SE43513
Yucatán ,Buctzotz ,SE43514
Yucatán ,Cacalchén ,SE43515
Yucatán ,Calotmul ,SE43516
Yucatán ,Cansahcab ,SE43517
Yucatán ,Cantamayec ,SE43518
Yucatán ,Celestún ,SE43519
Yucatán ,Cenotillo ,SE43520
Yucatán ,Chacsinkín ,SE43521
Yucatán ,Chankom ,SE43522
Yucatán ,Chapab ,SE43523
Yucatán ,Chemax ,SE43524
Yucatán ,Chichimilá ,SE43525
Yucatán ,Chicxulub Pueblo ,SE43526
Yucatán ,Chikindzonot ,SE43527
Yucatán ,Chocholá ,SE43528
Yucatán ,Chumayel ,SE43529
Yucatán ,Conkal ,SE43530
Yucatán ,Cuncunul ,SE43531
Yucatán ,Cuzamá ,SE43532
Yucatán ,Dzán ,SE43533
Yucatán ,Dzemul ,SE43534
Yucatán ,Dzidzantún ,SE43535
Yucatán ,Dzilam de Bravo ,SE43536
Yucatán ,Dzilam González ,SE43537
Yucatán ,Dzitás ,SE43538
Yucatán ,Dzoncauich ,SE43539
Yucatán ,Espita ,SE43540
Yucatán ,Halachó ,SE43541
Yucatán ,Hocabá ,SE43542
Yucatán ,Hoctún ,SE43543
Yucatán ,Homún ,SE43544
Yucatán ,Huhí ,SE43545
Yucatán ,Hunucmá ,SE43546
Yucatán ,Ixil ,SE43547
Yucatán ,Izamal ,SE43548
Yucatán ,Kanasín ,SE43549
Yucatán ,Kantunil ,SE43550
Yucatán ,Kaua ,SE43551
Yucatán ,Kinchil ,SE43552
Yucatán ,Kopomá ,SE43553
Yucatán ,Mama ,SE43554
Yucatán ,Maní ,SE43555
Yucatán ,Maxcanú ,SE43556
Yucatán ,Mayapán ,SE43557
Yucatán ,Mérida ,SE43558
Yucatán ,Mocochá ,SE43559
Yucatán ,Motul ,SE43560
Yucatán ,Muna ,SE43561
Yucatán ,Muxupip ,SE43562
Yucatán ,Opichén ,SE43563
Yucatán ,Oxkutzcab ,SE43564
Yucatán ,Panabá ,SE43565
Yucatán ,Peto ,SE43566
Yucatán ,Progreso ,SE43567
Yucatán ,Quintana Roo ,SE43568
Yucatán ,Río Lagartos ,SE43569
Yucatán ,Sacalum ,SE43570
Yucatán ,Samahil ,SE43571
Yucatán ,San Felipe ,SE43572
Yucatán ,Sanahcat ,SE43573
Yucatán ,Santa Elena ,SE43574
Yucatán ,Seyé ,SE43575
Yucatán ,Sinanché ,SE43576
Yucatán ,Sotuta ,SE43577
Yucatán ,Sucilá ,SE43578
Yucatán ,Sudzal ,SE43579
Yucatán ,Suma ,SE43580
Yucatán ,Tahdziú ,SE43581
Yucatán ,Tahmek ,SE43582
Yucatán ,Teabo ,SE43583
Yucatán ,Tecoh ,SE43584
Yucatán ,Tekal de Venegas ,SE43585
Yucatán ,Tekantó ,SE43586
Yucatán ,Tekax ,SE43587
Yucatán ,Tekit ,SE43588
Yucatán ,Tekom ,SE43589
Yucatán ,Telchac Pueblo ,SE43590
Yucatán ,Telchac Puerto ,SE43591
Yucatán ,Temax ,SE43592
Yucatán ,Temozón ,SE43593
Yucatán ,Tepakán ,SE43594
Yucatán ,Tetiz ,SE43595
Yucatán ,Teya ,SE43596
Yucatán ,Ticul ,SE43597
Yucatán ,Timucuy ,SE43598
Yucatán ,Tinum ,SE43599
Yucatán ,Tixcacalcupul ,SE43600
Yucatán ,Tixkokob ,SE43601
Yucatán ,Tixmehuac ,SE43602
Yucatán ,Tixpéhual ,SE43603
Yucatán ,Tizimín ,SE43604
Yucatán ,Tunkás ,SE43605
Yucatán ,Tzucacab ,SE43606
Yucatán ,Uayma ,SE43607
Yucatán ,Ucú ,SE43608
Yucatán ,Umán ,SE43609
Yucatán ,Valladolid ,SE43610
Yucatán ,Xocchel ,SE43611
Yucatán ,Yaxcabá ,SE43612
Yucatán ,Yaxkukul ,SE43613
Yucatán ,Yobaín ,SE43614
Yucatán ,No identificado -Yucatán ,SE43615
Zacatecas ,Apozol ,SE43616
Zacatecas ,Apulco ,SE43617
Zacatecas ,Atolinga ,SE43618
Zacatecas ,Benito Juárez ,SE43619
Zacatecas ,Calera ,SE43620
Zacatecas ,Cañitas de Felipe Pescador ,SE43621
Zacatecas ,Chalchihuites ,SE43622
Zacatecas ,Concepción del Oro ,SE43623
Zacatecas ,Cuauhtémoc ,SE43624
Zacatecas ,El Plateado de Joaquín Amaro ,SE43625
Zacatecas ,El Salvador ,SE43626
Zacatecas ,Fresnillo ,SE43627
Zacatecas ,Genaro Codina ,SE43628
Zacatecas ,General Enrique Estrada ,SE43629
Zacatecas ,General Francisco R. Murguía ,SE43630
Zacatecas ,General Pánfilo Natera ,SE43631
Zacatecas ,Guadalupe ,SE43632
Zacatecas ,Huanusco ,SE43633
Zacatecas ,Jalpa ,SE43634
Zacatecas ,Jerez ,SE43635
Zacatecas ,Jiménez del Teul ,SE43636
Zacatecas ,Juan Aldama ,SE43637
Zacatecas ,Juchipila ,SE43638
Zacatecas ,Loreto ,SE43639
Zacatecas ,Luis Moya ,SE43640
Zacatecas ,Mazapil ,SE43641
Zacatecas ,Melchor Ocampo ,SE43642
Zacatecas ,Mezquital del Oro ,SE43643
Zacatecas ,Miguel Auza ,SE43644
Zacatecas ,Momax ,SE43645
Zacatecas ,Monte Escobedo ,SE43646
Zacatecas ,Morelos ,SE43647
Zacatecas ,Moyahua de Estrada ,SE43648
Zacatecas ,Nochistlán de Mejía ,SE43649
Zacatecas ,Noria de Ángeles ,SE43650
Zacatecas ,Ojocaliente ,SE43651
Zacatecas ,Pánuco ,SE43652
Zacatecas ,Pinos ,SE43653
Zacatecas ,Río Grande ,SE43654
Zacatecas ,Sain Alto ,SE43655
Zacatecas ,Santa María de la Paz ,SE43656
Zacatecas ,Sombrerete ,SE43657
Zacatecas ,Susticacán ,SE43658
Zacatecas ,Tabasco ,SE43659
Zacatecas ,Tepechitlán ,SE43660
Zacatecas ,Tepetongo ,SE43661
Zacatecas ,Teúl de González Ortega ,SE43662
Zacatecas ,Tlaltenango de Sánchez Román ,SE43663
Zacatecas ,Trancoso ,SE43664
Zacatecas ,Trinidad García de la Cadena ,SE43665
Zacatecas ,Valparaíso ,SE43666
Zacatecas ,Vetagrande ,SE43667
Zacatecas ,Villa de Cos ,SE43668
Zacatecas ,Villa García ,SE43669
Zacatecas ,Villa González Ortega ,SE43670
Zacatecas ,Villa Hidalgo ,SE43671
Zacatecas ,Villanueva ,SE43672
Zacatecas ,Zacatecas ,SE43673
Zacatecas ,No identificado -Zacatecas ,SE43674
